<?xml version="1.0" encoding="utf-8" ?>
<md5>
    <abils>c91477a9bf1f43f4d1c629fa2fa5fd40</abils>
    <areas>bed94127dfbd84b05498762bd3a7169f</areas>
    <items_armor>2fcdba3aead371ce5897fcb021ddb896</items_armor>
    <items_general>e0eba2ceed786ef69595488a65706b65</items_general>
    <items_weapons>17d0c94860c9797b536e43c42d750f72</items_weapons>
    <spells>6ecf48390729f65821850d6e3f5d8933</spells>
    <status>b781f3c5bd201934a48bddf5234407b1</status>
    <resources>0</resources>
</md5>
