<?xml version="1.0"?>
<Config xmlns:xsi="http://www.w3.org/2001/XMLSchema-instance" xmlns:xsd="http://www.w3.org/2001/XMLSchema">
  <StartList>
    <Ability>
      <ID>138</ID>
      <Index>207</Index>
      <MPCost>0</MPCost>
      <TPCost>-1</TPCost>
      <CastTime>0</CastTime>
      <Recast>0</Recast>
      <Prefix>/pet</Prefix>
      <Name>Deploy</Name>
      <Type>PetCommand</Type>
      <Element>None</Element>
      <Targets>Enemy</Targets>
      <Skill>Ability</Skill>
      <Alias />
      <Postfix>&lt;t&gt;</Postfix>
      <IsSpell>false</IsSpell>
      <IsAbility>true</IsAbility>
    </Ability>
  </StartList>
  <EndList />
  <BattleList />
  <HealingList />
  <IgnoredList />
  <TargetsList />
  <Waypoints>
    <Position>
      <X>-117.331688</X>
      <Y>0</Y>
      <Z>319.838867</Z>
      <H>-2.4170773</H>
    </Position>
  </Waypoints>
  <Weaponskill>
    <ID>769</ID>
    <Index>900</Index>
    <MPCost>0</MPCost>
    <TPCost>100</TPCost>
    <CastTime>0</CastTime>
    <Recast>0</Recast>
    <Prefix>/weaponskill</Prefix>
    <Name>Combo</Name>
    <Type>WeaponSkill</Type>
    <Element>None</Element>
    <Targets>Enemy</Targets>
    <Skill>Ability</Skill>
    <Alias />
    <Postfix>&lt;t&gt;</Postfix>
    <IsSpell>false</IsSpell>
    <IsAbility>true</IsAbility>
    <MaxDistance>2.9247311827956994</MaxDistance>
    <IsEnabled>false</IsEnabled>
  </Weaponskill>
  <WSHealthThreshold>100</WSHealthThreshold>
  <BattleAggro>true</BattleAggro>
  <BattlePartyClaimed>true</BattlePartyClaimed>
  <BattleUnclaimed>true</BattleUnclaimed>
  <BattleListSelected>false</BattleListSelected>
  <StartListSelected>true</StartListSelected>
  <EndListSelected>false</EndListSelected>
  <BattleActionName>Deploy</BattleActionName>
  <WSName>Combo</WSName>
  <WSDistance>2.9247311827956994</WSDistance>
  <LowMP>0</LowMP>
  <HighMP>0</HighMP>
  <HighHP>0</HighHP>
  <LowHP>0</LowHP>
  <IsRestingHPEnabled>false</IsRestingHPEnabled>
  <IsRestingMPEnabled>false</IsRestingMPEnabled>
</Config>