<?xml version="1.0" encoding="utf-8"?>
<status>
  <b id="0" duration="3600" fr="K.O." de="K.o." jp="戦闘不能" enLog="KO'd">KO</b>
  <b id="1" duration="300" fr="Anémie" de="Schwäche" jp="衰弱" enLog="weakened">weakness</b>
  <b id="2" duration="0" fr="Sommeil" de="Schlaf" jp="睡眠" enLog="asleep">sleep</b>
  <b id="3" duration="0" fr="Poison" de="Gift" jp="毒" enLog="poisoned">poison</b>
  <b id="4" duration="0" fr="Paralysie" de="Paralyse" jp="麻痺" enLog="paralyzed">paralysis</b>
  <b id="5" duration="0" fr="Cécité" de="Blind" jp="暗闇" enLog="blinded">blindness</b>
  <b id="6" duration="0" fr="Silence" de="Schweigen" jp="静寂" enLog="silenced">silence</b>
  <b id="7" duration="0" fr="Pétrification" de="Stein" jp="石化" enLog="petrified">petrification</b>
  <b id="8" duration="0" fr="Maladie" de="Krankheit" jp="病気" enLog="diseased">disease</b>
  <b id="9" duration="0" fr="Maléfice" de="Fluch" jp="呪い" enLog="cursed">curse</b>
  <b id="10" duration="0" fr="Etourdissement" de="Betäubung" jp="スタン" enLog="stunned">stun</b>
  <b id="11" duration="0" fr="Entrave" de="Fessel" jp="バインド" enLog="bound">bind</b>
  <b id="12" duration="0" fr="Pesanteur" de="Gewicht" jp="ヘヴィ" enLog="weighed down">weight</b>
  <b id="13" duration="0" fr="Lenteur" de="Gemach" jp="スロウ" enLog="slowed">slow</b>
  <b id="14" duration="0" fr="Charme" de="Verzaubert" jp="魅了" enLog="charmed">charm</b>
  <b id="15" duration="0" fr="Glas" de="Verhängnis" jp="死の宣告" enLog="doomed">doom</b>
  <b id="16" duration="0" fr="Amnésie" de="Amnesie" jp="アムネジア" enLog="amnesic">amnesia</b>
  <b id="17" duration="0" fr="Charme" de="Verzaubert" jp="魅了" enLog="charmed">charm</b>
  <b id="18" duration="0" fr="Pétrification graduelle" de="Petrifikation" jp="徐々に石化" enLog="gradually petrifying">gradual petrification</b>
  <b id="19" duration="0" fr="Sommeil" de="Schlaf" jp="睡眠" enLog="asleep">sleep</b>
  <b id="20" duration="0" fr="Maléfice" de="Fluch" jp="呪い" enLog="cursed">curse</b>
  <b id="21" duration="0" fr="Egarement" de="Geist-Vernebelung" jp="アドル" enLog="addled">addle</b>
  <b id="22" duration="0" fr="Intimidation" de="Drangsalierung" jp="ひるみ" enLog="intimidated">intimidate</b>
  <b id="23" duration="0" fr="Kaustra" de="Kaustra" jp="メルトン" enLog="afflicted with Kaustra">Kaustra</b>
  <b id="28" duration="0" fr="Terreur" de="Angst" jp="テラー" enLog="terrorized">terror</b>
  <b id="29" duration="0" fr="Mutisme" de="Stumm" jp="沈黙" enLog="muted">mute</b>
  <b id="30" duration="0" fr="Possession" de="Bann" jp="呪詛" enLog="baned">bane</b>
  <b id="31" duration="0" fr="Peste" de="Pest" jp="悪疫" enLog="plagued">plague</b>
  <b id="32" duration="30" fr="Fuite" de="Reißaus" jp="とんずら" enLog="fleeing">Flee</b>
  <b id="33" duration="180" fr="Hâte" de="Hast" jp="ヘイスト" enLog="hastened">Haste</b>
  <b id="34" duration="180" fr="Pointes de feu" de="Flammenspitzen" jp="ブレイズスパイク" enLog="Blaze Spikes">Blaze Spikes</b>
  <b id="35" duration="180" fr="Pointes de glace" de="Eisspitzen" jp="アイススパイク" enLog="Ice Spikes">Ice Spikes</b>
  <b id="36" duration="300" fr="Faux-semblant" de="Spiegelschimmer" jp="ブリンク" enLog="Blink">Blink</b>
  <b id="37" duration="300" fr="Cuirasse" de="Steinhaut" jp="ストンスキン" enLog="Stoneskin">Stoneskin</b>
  <b id="38" duration="180" fr="Pointes de foudre" de="Schockspitzen" jp="ショックスパイク" enLog="Shock Spikes">Shock Spikes</b>
  <b id="39" duration="300" fr="Aquavoile" de="Wasserschleier" jp="アクアベール" enLog="Aquaveil">Aquaveil</b>
  <b id="40" duration="1800" fr="Bouclier" de="Schutz" jp="プロテス" enLog="Protect">Protect</b>
  <b id="41" duration="1800" fr="Barrière" de="Schutzschirm" jp="シェル" enLog="Shell">Shell</b>
  <b id="42" duration="60" fr="Récup" de="Regenerieren" jp="リジェネ" enLog="regenerating">Regen</b>
  <b id="43" duration="150" fr="Recharge" de="Erfrischen" jp="リフレシュ" enLog="refreshing">Refresh</b>
  <b id="44" duration="45" fr="Destro-frappes" de="Powerschläge" jp="マイティストライク" enLog="Mighty Strikes">Mighty Strikes</b>
  <b id="45" duration="180" fr="Accumulation" de="Boost" jp="ためる" enLog="Boost">Boost</b>
  <b id="46" duration="45" fr="Cent poings" de="Hundert Fäuste" jp="百烈拳" enLog="Hundred Fists">Hundred Fists</b>
  <b id="47" duration="60" fr="Source de Mana" de="Mana-Fontäne" jp="魔力の泉" enLog="Manafont">Manafont</b>
  <b id="48" duration="60" fr="Chaîne de sorts" de="Kettenspruch" jp="連続魔" enLog="Chainspell">Chainspell</b>
  <b id="49" duration="30" fr="Esquive absolue" de="Superkniff" jp="絶対回避" enLog="Perfect Dodge">Perfect Dodge</b>
  <b id="50" duration="30" fr="Invincible" de="Unbesiegbar" jp="インビンシブル" enLog="Invincible">Invincible</b>
  <b id="51" duration="30" fr="Arme sanguinaire" de="Blutwaffe" jp="ブラッドウェポン" enLog="Blood Weapon">Blood Weapon</b>
  <b id="52" duration="180" fr="Voix de l'âme" de="Seelenstimme" jp="ソウルボイス" enLog="Soul Voice">Soul Voice</b>
  <b id="53" duration="0" fr="Œil d'aigle" de="Adleraugen-Schuss" jp="イーグルアイ" enLog="Eagle Eye Shot">Eagle Eye Shot</b>
  <b id="54" duration="30" fr="Meikyo Shisui" de="Meikyo Shisui" jp="明鏡止水" enLog="Meikyo Shisui">Meikyo Shisui</b>
  <b id="55" duration="180" fr="Aura astrale" de="Astralstrom" jp="アストラルフロウ" enLog="Astral Flow">Astral Flow</b>
  <b id="56" duration="180" fr="Berserk" de="Berserker" jp="バーサク" enLog="Berserk">Berserk</b>
  <b id="57" duration="180" fr="Défenseur" de="Defender" jp="ディフェンダー" enLog="Defender">Defender</b>
  <b id="58" duration="180" fr="Agresseur" de="Aggressor" jp="アグレッサー" enLog="Aggressor">Aggressor</b>
  <b id="59" duration="120" fr="Précision" de="Fokus" jp="集中" enLog="Focus">Focus</b>
  <b id="60" duration="120" fr="Esquive +" de="Ausweichen" jp="回避" enLog="Dodge">Dodge</b>
  <b id="61" duration="300" fr="Qui-vive" de="Gegenzug" jp="かまえる" enLog="Counterstance">Counterstance</b>
  <b id="62" duration="30" fr="Sentinelle" de="Sentinel" jp="センチネル" enLog="Sentinel">Sentinel</b>
  <b id="63" duration="60" fr="Noirceur" de="Seelenfresser" jp="暗黒" enLog="Souleater">Souleater</b>
  <b id="64" duration="180" fr="Dernier recours" de="Letzter Ausweg" jp="ラストリゾート" enLog="Last Resort">Last Resort</b>
  <b id="65" duration="60" fr="Attaque furtive" de="Schleichattacke" jp="不意打ち" enLog="Sneak Attack">Sneak Attack</b>
  <b id="66" duration="0" fr="Réplique" de="Kopiebild" jp="分身" enLog="Copy Image">Copy Image</b>
  <b id="67" duration="30" fr="Troisième œil" de="3. Auge" jp="心眼" enLog="Third Eye">Third Eye</b>
  <b id="68" duration="30" fr="Cri de guerre" de="Kampfschrei" jp="ウォークライ" enLog="Warcry">Warcry</b>
  <b id="69" duration="300" fr="Invisible" de="Unsichtbar" jp="インビジ" enLog="Invisible">Invisible</b>
  <b id="70" duration="300" fr="Inodore" de="Parfümieren" jp="デオード" enLog="Deodorize">Deodorize</b>
  <b id="71" duration="300" fr="Furtivité" de="Schleichen" jp="スニーク" enLog="Sneak">Sneak</b>
  <b id="72" duration="60" fr="Visée" de="Fangschuss" jp="狙い撃ち" enLog="Sharpshot">Sharpshot</b>
  <b id="73" duration="60" fr="Tir en rafale" de="Trommelfeuer" jp="乱れ撃ち" enLog="Barrage">Barrage</b>
  <b id="74" duration="180" fr="Cercle sacré" de="Heiliger Kreis" jp="ホーリーサークル" enLog="Holy Circle">Holy Circle</b>
  <b id="75" duration="180" fr="Cercle ésotérique" de="Arcana-Kreis" jp="アルケインサークル" enLog="Arcane Circle">Arcane Circle</b>
  <b id="76" duration="0" fr="Dissimulation" de="Verstecken" jp="かくれる" enLog="hiding">Hide</b>
  <b id="77" duration="0" fr="Camouflage" de="Tarnung" jp="カモフラージュ" enLog="camouflaged">Camouflage</b>
  <b id="78" duration="60" fr="Sceau divin" de="Göttersiegel" jp="女神の印" enLog="Divine Seal">Divine Seal</b>
  <b id="79" duration="60" fr="Sceau élémentaire" de="Elementar-Siegel" jp="精霊の印" enLog="Elemental Seal">Elemental Seal</b>
  <b id="80" duration="0" fr="STR augmentée" de="STR-Boost" jp="STRアップ" enLog="STR-boosted">STR Boost</b>
  <b id="81" duration="0" fr="DEX augmentée" de="DEX-Boost" jp="DEXアップ" enLog="DEX-boosted">DEX Boost</b>
  <b id="82" duration="0" fr="VIT augmentée" de="VIT-Boost" jp="VITアップ" enLog="VIT-boosted">VIT Boost</b>
  <b id="83" duration="0" fr="AGI augmentée" de="AGI-Boost" jp="AGIアップ" enLog="AGI-boosted">AGI Boost</b>
  <b id="84" duration="0" fr="INT augmentée" de="INT-Boost" jp="INTアップ" enLog="INT-boosted">INT Boost</b>
  <b id="85" duration="0" fr="MND augmenté" de="MND-Boost" jp="MNDアップ" enLog="MND-boosted">MND Boost</b>
  <b id="86" duration="0" fr="CHR augmenté" de="CHR-Boost" jp="CHRアップ" enLog="CHR-boosted">CHR Boost</b>
  <b id="87" duration="60" fr="Attaque sournoise" de="Trickattacke" jp="だまし討ち" enLog="Trick Attack">Trick Attack</b>
  <b id="88" duration="0" fr="Max. HP augmenté" de="Max HP-Boost" jp="HPmaxアップ" enLog="Max HP-boosted">Max HP Boost</b>
  <b id="89" duration="0" fr="Max. MP augmenté" de="Max MP-Boost" jp="MPmaxアップ" enLog="Max MP-boosted">Max MP Boost</b>
  <b id="90" duration="0" fr="Précision augmentée" de="Präzisions-Boost" jp="命中率アップ" enLog="accuracy-boosted">Accuracy Boost</b>
  <b id="91" duration="0" fr="Attaque augmentée" de="Attacken-Boost" jp="攻撃力アップ" enLog="attack-boosted">Attack Boost</b>
  <b id="92" duration="0" fr="Esquive augmentée" de="Ausweich-Boost" jp="回避率アップ" enLog="evasion-boosted">Evasion Boost</b>
  <b id="93" duration="0" fr="Défense augmentée" de="Verteidigungs-Boost" jp="防御力アップ" enLog="defense-boosted">Defense Boost</b>
  <b id="94" duration="0" fr="EndoFeu" de="Feuer +" jp="エンファイア" enLog="Enfire">Enfire</b>
  <b id="95" duration="0" fr="EndoGlace" de="Eis +" jp="エンブリザド" enLog="Enblizzard">Enblizzard</b>
  <b id="96" duration="0" fr="EndoVent" de="Wind +" jp="エンエアロ" enLog="Enaero">Enaero</b>
  <b id="97" duration="0" fr="EndoPierre" de="Erde +" jp="エンストーン" enLog="Enstone">Enstone</b>
  <b id="98" duration="0" fr="EndoFoudre" de="Donner +" jp="エンサンダー" enLog="Enthunder">Enthunder</b>
  <b id="99" duration="0" fr="EndoEau" de="Wasser +" jp="エンウォータ" enLog="Enwater">Enwater</b>
  <b id="100" duration="150" fr="AntiFeu" de="Feuerriegel" jp="バファイ" enLog="Barfire">Barfire</b>
  <b id="101" duration="150" fr="AntiGlace" de="Eisriegel" jp="バブリザ" enLog="Barblizzard">Barblizzard</b>
  <b id="102" duration="150" fr="AntiVent" de="Windriegel" jp="バエアロ" enLog="Baraero">Baraero</b>
  <b id="103" duration="150" fr="AntiPierre" de="Erdenriegel" jp="バストン" enLog="Barstone">Barstone</b>
  <b id="104" duration="150" fr="AntiFoudre" de="Donnerriegel" jp="バサンダ" enLog="Barthunder">Barthunder</b>
  <b id="105" duration="150" fr="AntiEau" de="Wasserriegel" jp="バウォタ" enLog="Barwater">Barwater</b>
  <b id="106" duration="480" fr="AntiSommeil" de="Schlafriegel" jp="バスリプル" enLog="Barsleep">Barsleep</b>
  <b id="107" duration="480" fr="AntiPoison" de="Giftriegel" jp="バポイズン" enLog="Barpoison">Barpoison</b>
  <b id="108" duration="480" fr="AntiParalysie" de="Paralyseriegel" jp="バパライズ" enLog="Barparalyze">Barparalyze</b>
  <b id="109" duration="480" fr="AntiCécité" de="Blindriegel" jp="バブライン" enLog="Barblind">Barblind</b>
  <b id="110" duration="480" fr="AntiSilence" de="Schweigriegel" jp="バサイレス" enLog="Barsilence">Barsilence</b>
  <b id="111" duration="480" fr="AntiPétrification" de="Steinriegel" jp="バブレイク" enLog="Barpetrify">Barpetrify</b>
  <b id="112" duration="480" fr="AntiVirus" de="Virenriegel" jp="バウィルス" enLog="Barvirus">Barvirus</b>
  <b id="113" duration="3600" fr="Revie" de="Wiederauferstehen" jp="リレイズ" enLog="Reraise">Reraise</b>
  <b id="114" duration="15" fr="Couverture" de="Deckung" jp="かばう" enLog="Cover">Cover</b>
  <b id="115" duration="60" fr="Tirs illimités" de="Dauerschuss" jp="エンドレスショット" enLog="Unlimited Shot">Unlimited Shot</b>
  <b id="116" duration="0" fr="Phalange" de="Phalanx" jp="ファランクス" enLog="Phalanx">Phalanx</b>
  <b id="117" duration="180" fr="Cercle protecteur" de="Gewahrsamskreis" jp="護摩の守護円" enLog="Warding Circle">Warding Circle</b>
  <b id="118" duration="180" fr="Cercle ancien" de="Urkreis" jp="エンシェントサークル" enLog="Ancient Circle">Ancient Circle</b>
  <b id="119" duration="0" fr="STR augmentée" de="STR-Boost" jp="STRアップ" enLog="STR-boosted">STR Boost</b>
  <b id="120" duration="0" fr="DEX augmentée" de="DEX-Boost" jp="DEXアップ" enLog="DEX-boosted">DEX Boost</b>
  <b id="121" duration="0" fr="VIT augmentée" de="VIT-Boost" jp="VITアップ" enLog="VIT-boosted">VIT Boost</b>
  <b id="122" duration="0" fr="AGI augmentée" de="AGI-Boost" jp="AGIアップ" enLog="AGI-boosted">AGI Boost</b>
  <b id="123" duration="0" fr="INT augmentée" de="INT-Boost" jp="INTアップ" enLog="INT-boosted">INT Boost</b>
  <b id="124" duration="0" fr="MND augmenté" de="MND-Boost" jp="MNDアップ" enLog="MND-boosted">MND Boost</b>
  <b id="125" duration="0" fr="CHR augmenté" de="CHR-Boost" jp="CHRアップ" enLog="CHR-boosted">CHR Boost</b>
  <b id="126" duration="60" fr="Souffle d'esprit" de="Seelenstoß" jp="竜剣" enLog="Spirit Surge">Spirit Surge</b>
  <b id="127" duration="0" fr="Costume" de="Kostüm" jp="コスチューム" enLog="Costume">Costume</b>
  <b id="128" duration="0" fr="Combustion" de="Brennen" jp="バーン" enLog="afflicted with Burn">Burn</b>
  <b id="129" duration="0" fr="Givre" de="Frost" jp="フロスト" enLog="afflicted with Frost">Frost</b>
  <b id="130" duration="0" fr="Suffocation" de="Drossel" jp="チョーク" enLog="afflicted with Choke">Choke</b>
  <b id="131" duration="0" fr="Râpe" de="Raspel" jp="ラスプ" enLog="afflicted with Rasp">Rasp</b>
  <b id="132" duration="0" fr="Choc" de="Schock" jp="ショック" enLog="afflicted with Shock">Shock</b>
  <b id="133" duration="0" fr="Submersion" de="Ertrinken" jp="ドラウン" enLog="afflicted with Drown">Drown</b>
  <b id="134" duration="0" fr="Lumen" de="Dia" jp="ディア" enLog="afflicted with Dia">Dia</b>
  <b id="135" duration="0" fr="Bactérie" de="Bio" jp="バイオ" enLog="afflicted with Bio">Bio</b>
  <b id="136" duration="0" fr="STR réduite" de="STR-Down" jp="STRダウン" enLog="afflicted with STR Down">STR Down</b>
  <b id="137" duration="0" fr="DEX réduite" de="DEX-Down" jp="DEXダウン" enLog="afflicted with DEX Down">DEX Down</b>
  <b id="138" duration="0" fr="VIT réduite" de="VIT-Down" jp="VITダウン" enLog="afflicted with VIT Down">VIT Down</b>
  <b id="139" duration="0" fr="AGI réduite" de="AGI-Down" jp="AGIダウン" enLog="afflicted with AGI Down">AGI Down</b>
  <b id="140" duration="0" fr="INT réduite" de="INT-Down" jp="INTダウン" enLog="afflicted with INT Down">INT Down</b>
  <b id="141" duration="0" fr="MND réduit" de="MND-Down" jp="MNDダウン" enLog="afflicted with MND Down">MND Down</b>
  <b id="142" duration="0" fr="CHR réduit" de="CHR-Down" jp="CHRダウン" enLog="afflicted with CHR Down">CHR Down</b>
  <b id="143" duration="0" fr="Restriction de niveau" de="Level-Einschränkung" jp="レベル制限" enLog="level-restricted">Level Restriction</b>
  <b id="144" duration="0" fr="Max. HP réduit" de="Max HP-Down" jp="HPmaxダウン" enLog="afflicted with Max HP Down">Max HP Down</b>
  <b id="145" duration="0" fr="Max. MP réduit" de="Max MP-Down" jp="MPmaxダウン" enLog="afflicted with Max MP Down">Max MP Down</b>
  <b id="146" duration="0" fr="Précision réduite" de="Präzisions-Down" jp="命中率ダウン" enLog="afflicted with Accuracy Down">Accuracy Down</b>
  <b id="147" duration="0" fr="Attaque réduite" de="Attacken-Down" jp="攻撃力ダウン" enLog="afflicted with Attack Down">Attack Down</b>
  <b id="148" duration="0" fr="Esquive réduite" de="Ausweich-Down" jp="回避率ダウン" enLog="afflicted with Evasion Down">Evasion Down</b>
  <b id="149" duration="0" fr="Défense réduite" de="Verteidigungs-Down" jp="防御力ダウン" enLog="afflicted with Defense Down">Defense Down</b>
  <b id="150" duration="0" fr="Bouclier physique" de="Körperschild" jp="物理バリア" enLog="Physical Shield">Physical Shield</b>
  <b id="151" duration="0" fr="Bouclier à flèches" de="Pfeilschild" jp="遠隔物理バリア" enLog="Arrow Shield">Arrow Shield</b>
  <b id="152" duration="0" fr="Bouclier magique" de="Magieschild" jp="魔法バリア" enLog="Magic Shield">Magic Shield</b>
  <b id="153" duration="0" fr="Pointes de dégâts" de="Schadensspitzen" jp="ダメージスパイク" enLog="Damage Spikes">Damage Spikes</b>
  <b id="154" duration="180" fr="Rubis brillant" de="Glanzrubin" jp="ルビーの輝き" enLog="Shining Ruby">Shining Ruby</b>
  <b id="155" duration="0" fr="Remède" de="Unter Medikament" jp="服薬中" enLog="medicated">medicine</b>
  <b id="156" duration="0" fr="Flash" de="Blitzlicht" jp="フラッシュ" enLog="afflicted with Flash">Flash</b>
  <b id="157" duration="0" fr="Restriction JS" de="NJ-Beschränkung" jp="サポートジョブ無効" enLog="SJ Restriction">SJ Restriction</b>
  <b id="158" duration="0" fr="Provocation" de="Provoziert" jp="挑発" enLog="provoked">Provoke</b>
  <b id="159" duration="0" fr="Pénalité" de="Bestrafung" jp="ペナルティ" enLog="penalized">penalty</b>
  <b id="160" duration="0" fr="Préparations" de="Vorbereitungen" jp="試合復帰準備中" enLog="preparing for battle">preparations</b>
  <b id="161" duration="0" fr="Sprint" de="Sprint" jp="スプリント" enLog="Sprint">Sprint</b>
  <b id="162" duration="0" fr="Enchantement" de="Verzaubertes Item" jp="エンチャント" enLog="enchanted">enchantment</b>
  <b id="163" duration="0" fr="Sagesse d'azur" de="Blaues Gesetz" jp="アジュールロー" enLog="Azure Lore">Azure Lore</b>
  <b id="164" duration="30" fr="Lien de chaînes" de="Blaue Kette" jp="ブルーチェーン" enLog="Chain Affinity">Chain Affinity</b>
  <b id="165" duration="30" fr="Lien d'explosions" de="Blauer Ausbruch" jp="ブルーバースト" enLog="Burst Affinity">Burst Affinity</b>
  <b id="166" duration="0" fr="Suractivité" de="Overdrive" jp="オーバードライヴ" enLog="Overdrive">Overdrive</b>
  <b id="167" duration="0" fr="Déf. magique réduite" de="Verminderte Magieabwehr" jp="魔法防御力ダウン" enLog="Magic Def. Down">Magic Def. Down</b>
  <b id="168" duration="0" fr="Inhibition de TP" de="TP-Sperre" jp="インヒビットTP" enLog="TP-inhibited">Inhibit TP</b>
  <b id="169" duration="60" fr="Puissance" de="Wirksamkeit" jp="ポテンシー" enLog="Potency">Potency</b>
  <b id="170" duration="180" fr="Regain" de="Wiedererlangen" jp="リゲイン" enLog="Regain">Regain</b>
  <b id="171" duration="60" fr="Pax" de="Pax" jp="パクス" enLog="Pax">Pax</b>
  <b id="172" duration="0" fr="Intensification" de="Intensivierung" jp="インテンション" enLog="Intension">Intension</b>
  <b id="173" duration="0" fr="Pointes d'effroi" de="Furchtspitzen" jp="ドレッドスパイク" enLog="Dread Spikes">Dread Spikes</b>
  <b id="174" duration="0" fr="Préc. magique réduite" de="Magiepräzisions-Down" jp="魔法命中率ダウン" enLog="Magic Acc. Down">Magic Acc. Down</b>
  <b id="175" duration="0" fr="Attq. magique réduite" de="Magieattacken-Down" jp="魔法攻撃力ダウン" enLog="Magic Atk. Down">Magic Atk. Down</b>
  <b id="176" duration="0" fr="Vitesse déplacement augmentée" de="Beschleunigung" jp="移動速度アップ" enLog="quickened">quickening</b>
  <b id="177" duration="0" fr="Astreinte" de="Belastung" jp="装備変更不可" enLog="encumbered">encumbrance</b>
  <b id="178" duration="0" fr="Loi de la canicule" de="Feuerfront" jp="熱波の陣" enLog="Firestorm">Firestorm</b>
  <b id="179" duration="0" fr="Loi du blizzard" de="Hagelfront" jp="吹雪の陣" enLog="Hailstorm">Hailstorm</b>
  <b id="180" duration="0" fr="Loi des ouragans" de="Sturmfront" jp="烈風の陣" enLog="Windstorm">Windstorm</b>
  <b id="181" duration="0" fr="Loi de la sécheresse" de="Staubfront" jp="砂塵の陣" enLog="Sandstorm">Sandstorm</b>
  <b id="182" duration="0" fr="Loi des orages" de="Gewitterfront" jp="疾雷の陣" enLog="Thunderstorm">Thunderstorm</b>
  <b id="183" duration="0" fr="Loi des averses" de="Regenfront" jp="豪雨の陣" enLog="Rainstorm">Rainstorm</b>
  <b id="184" duration="0" fr="Loi de l'aurore" de="Aurorafront" jp="極光の陣" enLog="Aurorastorm">Aurorastorm</b>
  <b id="185" duration="0" fr="Loi du crépuscule" de="Nebelfront" jp="妖霧の陣" enLog="Voidstorm">Voidstorm</b>
  <b id="186" duration="0" fr="Thèse" de="Kern" jp="計略" enLog="Helix">Helix</b>
  <b id="187" duration="0" fr="Révisions en cours" de="MP-Anhäufung" jp="机上演習:蓄積中" enLog="Sublimation: Activated">Sublimation: Activated</b>
  <b id="188" duration="0" fr="Révisions terminées" de="MP-Speicher" jp="机上演習:蓄積完了" enLog="Sublimation: Complete">Sublimation: Complete</b>
  <b id="189" duration="0" fr="Max. TP réduit" de="Max TP-Down" jp="TPmaxダウン" enLog="Max TP Down">Max TP Down</b>
  <b id="190" duration="0" fr="Attq. magique augmentée" de="Magieattacken-Boost" jp="魔法攻撃力アップ" enLog="Magic Atk. Boost">Magic Atk. Boost</b>
  <b id="191" duration="0" fr="Déf. magique augmentée" de="Magieverteidigungs-Boost" jp="魔法防御力アップ" enLog="Magic Def. Boost">Magic Def. Boost</b>
  <b id="192" duration="0" fr="Requiem" de="Requiem" jp="レクイエム" enLog="Requiem">Requiem</b>
  <b id="193" duration="0" fr="Berceuse" de="Wiegenlied" jp="ララバイ" enLog="Lullaby">Lullaby</b>
  <b id="194" duration="0" fr="Elégie" de="Elegie" jp="エレジー" enLog="Elegy">Elegy</b>
  <b id="195" duration="0" fr="Péan" de="Paeon" jp="ピーアン" enLog="Paeon">Paeon</b>
  <b id="196" duration="0" fr="Ballade" de="Ballade" jp="バラード" enLog="Ballad">Ballad</b>
  <b id="197" duration="0" fr="Lied" de="Minne" jp="ミンネ" enLog="Minne">Minne</b>
  <b id="198" duration="0" fr="Menuet" de="Menuett" jp="メヌエット" enLog="Minuet">Minuet</b>
  <b id="199" duration="0" fr="Madrigal" de="Madrigal" jp="マドリガル" enLog="Madrigal">Madrigal</b>
  <b id="200" duration="0" fr="Prélude" de="Präludium" jp="プレリュード" enLog="Prelude">Prelude</b>
  <b id="201" duration="0" fr="Mambo" de="Mambo" jp="マンボ" enLog="Mambo">Mambo</b>
  <b id="202" duration="0" fr="Aubade" de="Aubade" jp="オーバード" enLog="Aubade">Aubade</b>
  <b id="203" duration="0" fr="Pastorale" de="Kirchenlied" jp="パストラル" enLog="Pastoral">Pastoral</b>
  <b id="204" duration="0" fr="Chant" de="Summen" jp="ハミング" enLog="Hum">Hum</b>
  <b id="205" duration="0" fr="Fantaisie" de="Fantasia" jp="ファンタジア" enLog="Fantasia">Fantasia</b>
  <b id="206" duration="0" fr="Opérette" de="Operette" jp="オペレッタ" enLog="Operetta">Operetta</b>
  <b id="207" duration="0" fr="Capriccio" de="Capriccio" jp="カプリチオ" enLog="Capriccio">Capriccio</b>
  <b id="208" duration="0" fr="Sérénade" de="Serenade" jp="セレナーデ" enLog="Serenade">Serenade</b>
  <b id="209" duration="0" fr="Rondo" de="Rondo" jp="ロンド" enLog="Round">Round</b>
  <b id="210" duration="0" fr="Gavotte" de="Gavotte" jp="ガボット" enLog="Gavotte">Gavotte</b>
  <b id="211" duration="0" fr="Fugue" de="Fuge" jp="フーガ" enLog="Fugue">Fugue</b>
  <b id="212" duration="0" fr="Rhapsodie" de="Rhapsodie" jp="ラプソディ" enLog="Rhapsody">Rhapsody</b>
  <b id="213" duration="0" fr="Aria" de="Arie" jp="アリア" enLog="Aria">Aria</b>
  <b id="214" duration="0" fr="Marche" de="Marsch" jp="マーチ" enLog="March">March</b>
  <b id="215" duration="0" fr="Etude" de="Etüde" jp="エチュード" enLog="Etude">Etude</b>
  <b id="216" duration="0" fr="Cantique" de="Gesang" jp="カロル" enLog="Carol">Carol</b>
  <b id="217" duration="0" fr="Thrène" de="Klagelied" jp="スレノディ" enLog="Threnody">Threnody</b>
  <b id="218" duration="0" fr="Hymne" de="Hymne" jp="ヒムヌス" enLog="Hymnus">Hymnus</b>
  <b id="219" duration="0" fr="Mazurka" de="Mazurka" jp="マズルカ" enLog="Mazurka">Mazurka</b>
  <b id="220" duration="0" fr="Sirvente" de="Sirvente" jp="シルベント" enLog="Sirvente">Sirvente</b>
  <b id="221" duration="0" fr="Mélopée" de="Abenteurer-Klagelied" jp="ダージュ" enLog="Dirge">Dirge</b>
  <b id="222" duration="0" fr="Scherzo" de="Scherzo" jp="スケルツォ" enLog="Scherzo">Scherzo</b>
  <b id="223" duration="0" fr="Nocturne" de="Nocturne" jp="ノクターン" enLog="Nocturne">Nocturne</b>
  <b id="227" duration="0" fr="Réserve TP" de="TP-Lagern" jp="ストアTP" enLog="Store TP">Store TP</b>
  <b id="228" duration="0" fr="Hardiesse" de="Embrava" jp="オーラ" enLog="Embrava">Embrava</b>
  <b id="229" duration="0" fr="Rosée de Mana" de="Mana-Quell" jp="魔力の雫" enLog="Manawell">Manawell</b>
  <b id="230" duration="0" fr="Spontanéité" de="Spontanität" jp="クイックマジック" enLog="Spontaneity">Spontaneity</b>
  <b id="231" duration="0" fr="Marcato" de="Marcato" jp="マルカート" enLog="Marcato">Marcato</b>
  <b id="233" duration="0" fr="Auto-récup" de="Auto-Regenerieren" jp="オートリジェネ" enLog="Auto-Regen">Auto-Regen</b>
  <b id="234" duration="0" fr="Auto-recharge" de="Auto-Erfrischen" jp="オートリフレシュ" enLog="Auto-Refresh">Auto-Refresh</b>
  <b id="235" duration="0" fr="Image pêche" de="Angelbilder" jp="釣りイメージ" enLog="Fishing Imagery">Fishing Imagery</b>
  <b id="236" duration="0" fr="Image menuiserie" de="Tischlereibilder" jp="木工イメージ" enLog="Woodworking Imagery">Woodworking Imagery</b>
  <b id="237" duration="0" fr="Image métallurgie" de="Schmiedebilder" jp="鍛冶イメージ" enLog="Smithing Imagery">Smithing Imagery</b>
  <b id="238" duration="0" fr="Image orfèvrerie" de="Goldschmiedebilder" jp="彫金イメージ" enLog="Goldsmithing Imagery">Goldsmithing Imagery</b>
  <b id="239" duration="0" fr="Image confection" de="Schneiderbilder" jp="裁縫イメージ" enLog="Clothcraft Imagery">Clothcraft Imagery</b>
  <b id="240" duration="0" fr="Image tannerie" de="Ledereibilder" jp="革細工イメージ" enLog="Leathercraft Imagery">Leathercraft Imagery</b>
  <b id="241" duration="0" fr="Image osserie" de="Knochenwerksbilder" jp="骨細工イメージ" enLog="Bonecraft Imagery">Bonecraft Imagery</b>
  <b id="242" duration="0" fr="Image alchimie" de="Alchemiebilder" jp="錬金術イメージ" enLog="Alchemy Imagery">Alchemy Imagery</b>
  <b id="243" duration="0" fr="Image cuisine" de="Kochbilder" jp="調理イメージ" enLog="Cooking Imagery">Cooking Imagery</b>
  <b id="249" duration="0" fr="Assiduité" de="Hingabe" jp="専心" enLog="Dedication">Dedication</b>
  <b id="250" duration="0" fr="Ecusson CE" de="ET-Ausweis" jp="遠征軍参加資格" enLog="EF Badge">EF Badge</b>
  <b id="251" duration="0" fr="Nourriture" de="Essen" jp="食事" enLog="Food">Food</b>
  <b id="252" duration="1800" fr="Chocobo" de="Chocobo" jp="チョコボ" enLog="Chocobo">Chocobo</b>
  <b id="253" duration="0" fr="Sceau" de="Siegel" jp="シグネット" enLog="Signet">Signet</b>
  <b id="254" duration="0" fr="Champ de bataille" de="Schlachtfeld" jp="バトルフィールド" enLog="Battlefield">Battlefield</b>
  <b id="256" duration="0" fr="Sanction" de="Sanktion" jp="サンクション" enLog="Sanction">Sanction</b>
  <b id="257" duration="0" fr="Siège" de="Belagerung" jp="ビシージド" enLog="Besieged">Besieged</b>
  <b id="258" duration="0" fr="Illusion" de="Illusion" jp="イリュージョン" enLog="Illusion">Illusion</b>
  <b id="259" duration="0" fr="Fardeau" de="Bürde" jp="エンカンバー" enLog="encumbered">encumbrance</b>
  <b id="260" duration="0" fr="Oblitération" de="Vergessenheit" jp="オブリビセンス" enLog="Obliviscence">Obliviscence</b>
  <b id="261" duration="0" fr="Handicap" de="Eingriff" jp="インペア" enLog="impaired">impairment</b>
  <b id="262" duration="0" fr="Omerta" de="Schweigepflicht" jp="オメルタ" enLog="Omerta">Omerta</b>
  <b id="263" duration="0" fr="Impotence" de="Entkräftung" jp="デビリテート" enLog="debilitated">debilitation</b>
  <b id="264" duration="0" fr="Pathos" de="Pathos" jp="パトス" enLog="Pathos">Pathos</b>
  <b id="265" duration="0" fr="Exaltation" de="Aufregung" jp="フラーリー" enLog="Flurry">Flurry</b>
  <b id="266" duration="0" fr="Concentration" de="Konzentration" jp="コンセントレーション" enLog="Concentration">Concentration</b>
  <b id="267" duration="0" fr="Marque des alliés" de="Bündniswappen" jp="アライドタグ" enLog="Allied Tags">Allied Tags</b>
  <b id="268" duration="0" fr="Sigil" de="Sigille" jp="シギル" enLog="Sigil">Sigil</b>
  <b id="269" duration="0" fr="Synchronisation" de="Level-Adaption" jp="レベルシンク" enLog="Level Sync">Level Sync</b>
  <b id="270" duration="0" fr="Contrecoup : Niv. 1" de="Konsequenz: Level 1" jp="アフターマス:Lv1" enLog="Aftermath: Lv.1">Aftermath: Lv.1</b>
  <b id="271" duration="0" fr="Contrecoup : Niv. 2" de="Konsequenz: Level 2" jp="アフターマス:Lv2" enLog="Aftermath: Lv.2">Aftermath: Lv.2</b>
  <b id="272" duration="0" fr="Contrecoup : Niv. 3" de="Konsequenz: Level 3" jp="アフターマス:Lv3" enLog="Aftermath: Lv.3">Aftermath: Lv.3</b>
  <b id="273" duration="0" fr="Contrecoup" de="Konsequenz" jp="アフターマス" enLog="Aftermath">Aftermath</b>
  <b id="274" duration="0" fr="EndoLumière" de="Licht +" jp="エンライト" enLog="Enlight">Enlight</b>
  <b id="275" duration="0" fr="Auspice" de="Auspizium" jp="オースピス" enLog="Auspice">Auspice</b>
  <b id="276" duration="0" fr="Confrontation" de="Konfrontation" jp="コンフロント" enLog="Confrontation">Confrontation</b>
  <b id="277" duration="0" fr="EndoFeu II" de="Feuer ++" jp="エンファイアII" enLog="Enfire II">Enfire II</b>
  <b id="278" duration="0" fr="EndoGlace II" de="Eis ++" jp="エンブリザドII" enLog="Enblizzard II">Enblizzard II</b>
  <b id="279" duration="0" fr="EndoVent II" de="Wind ++" jp="エンエアロII" enLog="Enaero II">Enaero II</b>
  <b id="280" duration="0" fr="EndoPierre II" de="Erde ++" jp="エンストーンII" enLog="Enstone II">Enstone II</b>
  <b id="281" duration="0" fr="EndoFoudre II" de="Donner ++" jp="エンサンダーII" enLog="Enthunder II">Enthunder II</b>
  <b id="282" duration="0" fr="EndoEau II" de="Wasser ++" jp="エンウォータII" enLog="Enwater II">Enwater II</b>
  <b id="283" duration="0" fr="Défense absolue" de="Perfekte Abwehr" jp="絶対防御" enLog="Perfect Defense">Perfect Defense</b>
  <b id="284" duration="0" fr="Œuf" de="Ei" jp="タマゴ" enLog="Egg">Egg</b>
  <b id="285" duration="0" fr="Aura d'incursion" de="Wallfahrer" jp="ビジタント" enLog="Visitant">Visitant</b>
  <b id="286" duration="0" fr="AntiAmnésie" de="Amnesieriegel" jp="バアムネジア" enLog="Baramnesia">Baramnesia</b>
  <b id="287" duration="0" fr="Âtma" de="Atma" jp="アートマ" enLog="Atma">Atma</b>
  <b id="288" duration="0" fr="EndoTénèbres" de="Dunkel +" jp="エンダーク" enLog="Endark">Endark</b>
  <b id="289" duration="0" fr="Inimitié augmentée" de="Feindseligkeits-Boost" jp="敵対心アップ" enLog="Enmity Boost">Enmity Boost</b>
  <b id="290" duration="0" fr="Coup subtil augmenté" de="Subtilschlag-Boost" jp="モクシャアップ" enLog="Subtle Blow Plus">Subtle Blow Plus</b>
  <b id="291" duration="0" fr="Inimitié réduite" de="Feindseligkeits-Down" jp="敵対心ダウン" enLog="Enmity Down">Enmity Down</b>
  <b id="292" duration="0" fr="Bannière de bastion" de="IFF-Flagge" jp="ペナント" enLog="Pennant">Pennant</b>
  <b id="293" duration="0" fr="NégaPétrification" de="Stein negieren" jp="ネゲートペトリ" enLog="Negate Petrify">Negate Petrify</b>
  <b id="294" duration="0" fr="NégaTerreur" de="Furcht negieren" jp="ネゲートテラー" enLog="Negate Terror">Negate Terror</b>
  <b id="295" duration="0" fr="NégaAmnésie" de="Amnesie negieren" jp="ネゲートアムネジア" enLog="Negate Amnesia">Negate Amnesia</b>
  <b id="296" duration="0" fr="NégaGlas" de="Verhängnis negieren" jp="ネゲートドゥーム" enLog="Negate Doom">Negate Doom</b>
  <b id="297" duration="0" fr="NégaPoison" de="Gift negieren" jp="ネゲートポイズン" enLog="Negate Poison">Negate Poison</b>
  <b id="298" duration="0" fr="Coups critiques subis augmentés" de="Krit. Ausweich-Down" jp="被クリティカルヒット率アップ" enLog="critical hit evasion down">critical hit evasion down</b>
  <b id="299" duration="0" fr="Surcharge" de="Überladen" jp="オーバーロード" enLog="overloaded">Overload</b>
  <b id="300" duration="0" fr="Manœuvre feu" de="Feuermanöver" jp="ファイアマニューバ" enLog="Fire Maneuver">Fire Maneuver</b>
  <b id="301" duration="0" fr="Manœuvre glace" de="Eismanöver" jp="アイスマニューバ" enLog="Ice Maneuver">Ice Maneuver</b>
  <b id="302" duration="0" fr="Manœuvre vent" de="Windmanöver" jp="ウィンドマニューバ" enLog="Wind Maneuver">Wind Maneuver</b>
  <b id="303" duration="0" fr="Manœuvre terre" de="Erdmanöver" jp="アースマニューバ" enLog="Earth Maneuver">Earth Maneuver</b>
  <b id="304" duration="0" fr="Manœuvre foudre" de="Donnermanöver" jp="サンダーマニューバ" enLog="Thunder Maneuver">Thunder Maneuver</b>
  <b id="305" duration="0" fr="Manœuvre eau" de="Wassermanöver" jp="ウォータマニューバ" enLog="Water Maneuver">Water Maneuver</b>
  <b id="306" duration="0" fr="Manœuvre lumière" de="Lichtmanöver" jp="ライトマニューバ" enLog="Light Maneuver">Light Maneuver</b>
  <b id="307" duration="0" fr="Manœuvre ténèbres" de="Schattenmanöver" jp="ダークマニューバ" enLog="Dark Maneuver">Dark Maneuver</b>
  <b id="308" duration="0" fr="Chance de Surenchère" de="Doppelter Einsatz" jp="ダブルアップチャンス" enLog="Double-Up Chance">Double-Up Chance</b>
  <b id="309" duration="0" fr="Bust" de="Pleite" jp="バスト" enLog="Bust">Bust</b>
  <b id="310" duration="0" fr="Jet combattant" de="Kämpfer-Wurf" jp="ファイターズロール" enLog="Fighter's Roll">Fighter's Roll</b>
  <b id="311" duration="0" fr="Jet du moine" de="Mönchs-Wurf" jp="モンクスロール" enLog="Monk's Roll">Monk's Roll</b>
  <b id="312" duration="0" fr="Jet du guérisseur" de="Heiler-Wurf" jp="ヒーラーズロール" enLog="Healer's Roll">Healer's Roll</b>
  <b id="313" duration="0" fr="Jet du sorcier" de="Magier-Wurf" jp="ウィザーズロール" enLog="Wizard's Roll">Wizard's Roll</b>
  <b id="314" duration="0" fr="Jet enchanteur" de="Hexer-Wurf" jp="ワーロックスロール" enLog="Warlock's Roll">Warlock's Roll</b>
  <b id="315" duration="0" fr="Jet du brigand" de="Gauner-Wurf" jp="ローグズロール" enLog="Rogue's Roll">Rogue's Roll</b>
  <b id="316" duration="0" fr="Jet du preux" de="Galant-Wurf" jp="ガランツロール" enLog="Gallant's Roll">Gallant's Roll</b>
  <b id="317" duration="0" fr="Jet du chaos" de="Chaos-Wurf" jp="カオスロール" enLog="Chaos Roll">Chaos Roll</b>
  <b id="318" duration="0" fr="Jet de la bête" de="Bestien-Wurf" jp="ビーストロール" enLog="Beast Roll">Beast Roll</b>
  <b id="319" duration="0" fr="Jet du chant" de="Choral-Wurf" jp="コーラルロール" enLog="Choral Roll">Choral Roll</b>
  <b id="320" duration="0" fr="Jet du chasseur" de="Jäger-Wurf" jp="ハンターズロール" enLog="Hunter's Roll">Hunter's Roll</b>
  <b id="321" duration="0" fr="Jet du samouraï" de="Samurai-Wurf" jp="サムライロール" enLog="Samurai Roll">Samurai Roll</b>
  <b id="322" duration="0" fr="Jet du ninja" de="Ninja-Wurf" jp="ニンジャロール" enLog="Ninja Roll">Ninja Roll</b>
  <b id="323" duration="0" fr="Jet du drachen" de="Draken-Wurf" jp="ドラケンロール" enLog="Drachen Roll">Drachen Roll</b>
  <b id="324" duration="0" fr="Jet de l'adjurateur" de="Rufer-Wurf" jp="エボカーズロール" enLog="Evoker's Roll">Evoker's Roll</b>
  <b id="325" duration="0" fr="Jet du mage" de="Magus-Wurf" jp="メガスズロール" enLog="Magus's Roll">Magus's Roll</b>
  <b id="326" duration="0" fr="Jet du corsaire" de="Piraten-Wurf" jp="コルセアズロール" enLog="Corsair's Roll">Corsair's Roll</b>
  <b id="327" duration="0" fr="Jet du pantin" de="Puppen-Wurf" jp="パペットロール" enLog="Puppet Roll">Puppet Roll</b>
  <b id="328" duration="0" fr="Jet du danseur" de="Flamenco-Wurf" jp="ダンサーロール" enLog="Dancer's Roll">Dancer's Roll</b>
  <b id="329" duration="0" fr="Jet de l'érudit" de="Grimoire-Wurf" jp="スカラーロール" enLog="Scholar's Roll">Scholar's Roll</b>
  <b id="330" duration="0" fr="Jet du coureur" de="Chocobo-Wurf" jp="ボルターズロール" enLog="Bolter's Roll">Bolter's Roll</b>
  <b id="331" duration="0" fr="Jet de l'incantateur" de="Dozenten-Wurf" jp="キャスターズロール" enLog="Caster's Roll">Caster's Roll</b>
  <b id="332" duration="0" fr="Jet du veneur" de="Korsaren-Wurf" jp="コアサーズロール" enLog="Courser's Roll">Courser's Roll</b>
  <b id="333" duration="0" fr="Jet de l'agresseur" de="Brachial-Wurf" jp="ブリッツァロール" enLog="Blitzer's Roll">Blitzer's Roll</b>
  <b id="334" duration="0" fr="Jet du tacticien" de="Taktiker-Wurf" jp="タクティックロール" enLog="Tactician's Roll">Tactician's Roll</b>
  <b id="335" duration="0" fr="Jet de l'allié" de="Domino-Wurf" jp="アライズロール" enLog="Allies' Roll">Allies' Roll</b>
  <b id="336" duration="0" fr="Jet de l'économe" de="Knauser-Wurf" jp="マイザーロール" enLog="Miser's Roll">Miser's Roll</b>
  <b id="337" duration="0" fr="Jet du compère" de="Kompagnon-Wurf" jp="コンパニオンロール" enLog="Companion's Roll">Companion's Roll</b>
  <b id="338" duration="0" fr="Jet du vengeur" de="Rächer-Wurf" jp="カウンターロール" enLog="Avenger's Roll">Avenger's Roll</b>
  <b id="340" duration="0" fr="Charge du guerrier" de="Kriegerwut" jp="ウォリアーチャージ" enLog="Warrior's Charge">Warrior's Charge</b>
  <b id="341" duration="180" fr="Coups informes" de="Formlose Schläge" jp="無想無念" enLog="Formless Strikes">Formless Strikes</b>
  <b id="342" duration="60" fr="Charge assassine" de="Attentäterwut" jp="アサシンチャージ" enLog="Assassin's Charge">Assassin's Charge</b>
  <b id="343" duration="60" fr="Feinte" de="Finte" jp="フェイント" enLog="Feint">Feint</b>
  <b id="344" duration="60" fr="Fidélité" de="Lehnseid" jp="フィールティ" enLog="Fealty">Fealty</b>
  <b id="345" duration="60" fr="Sceau ténébreux" de="Dunkles Siegel" jp="ダークシール" enLog="Dark Seal">Dark Seal</b>
  <b id="346" duration="180" fr="Œil diabolique" de="Diabolisches Auge" jp="ディアボリクアイ" enLog="Diabolic Eye">Diabolic Eye</b>
  <b id="347" duration="60" fr="Rossignol" de="Nachtigall" jp="ナイチンゲール" enLog="Nightingale">Nightingale</b>
  <b id="348" duration="60" fr="Troubadour" de="Troubadour" jp="トルバドゥール" enLog="Troubadour">Troubadour</b>
  <b id="349" duration="180" fr="Instinct de tueur" de="Killer-Instinkt" jp="K.インスティンクト" enLog="Killer Instinct">Killer Instinct</b>
  <b id="350" duration="0" fr="Tir furtif" de="Tarnschuss" jp="ステルスショット" enLog="Stealth Shot">Stealth Shot</b>
  <b id="351" duration="0" fr="Tir flagrant" de="Grellschuss" jp="フラッシーショット" enLog="Flashy Shot">Flashy Shot</b>
  <b id="352" duration="0" fr="Sange" de="Sange" jp="散華" enLog="Sange">Sange</b>
  <b id="353" duration="300" fr="Hasso" de="Hasso" jp="八双" enLog="Hasso">Hasso</b>
  <b id="354" duration="300" fr="Seigan" de="Seigan" jp="星眼" enLog="Seigan">Seigan</b>
  <b id="355" duration="0" fr="Convergence" de="Konvergenz" jp="コンバージェンス" enLog="Convergence">Convergence</b>
  <b id="356" duration="0" fr="Diffusion" de="Diffusion" jp="ディフュージョン" enLog="Diffusion">Diffusion</b>
  <b id="357" duration="0" fr="As" de="Schlangenauge" jp="スネークアイ" enLog="Snake Eye">Snake Eye</b>
  <b id="358" duration="0" fr="Grimoire blanc" de="Weißes Grimoire" jp="白のグリモア" enLog="Light Arts">Light Arts</b>
  <b id="359" duration="0" fr="Grimoire noir" de="Schwarz. Grimoire" jp="黒のグリモア" enLog="Dark Arts">Dark Arts</b>
  <b id="360" duration="0" fr="Modestie" de="Ex Deo" jp="簡素清貧の章" enLog="Penury">Penury</b>
  <b id="361" duration="0" fr="Parcimonie" de="Ex nihilo" jp="勤倹小心の章" enLog="Parsimony">Parsimony</b>
  <b id="362" duration="0" fr="Célérité" de="Tempus fugit" jp="電光石火の章" enLog="Celerity">Celerity</b>
  <b id="363" duration="0" fr="Alacrité" de="Tempus vincit" jp="疾風迅雷の章" enLog="Alacrity">Alacrity</b>
  <b id="364" duration="0" fr="Fougue" de="Fiat lux" jp="意気昂然の章" enLog="Rapture">Rapture</b>
  <b id="365" duration="0" fr="Ebullition" de="Ultima ratio" jp="気炎万丈の章" enLog="Ebullience">Ebullience</b>
  <b id="366" duration="0" fr="Avènement" de="Summum bonum" jp="女神降臨の章" enLog="Accession">Accession</b>
  <b id="367" duration="0" fr="Manifestation" de="Summum malum" jp="精霊光来の章" enLog="Manifestation">Manifestation</b>
  <b id="368" duration="90" fr="Samba Spoliation" de="Vampir-Samba" jp="ドレインサンバ" enLog="Drain Samba">Drain Samba</b>
  <b id="369" duration="90" fr="Samba Aspiration" de="Leech-Samba" jp="アスピルサンバ" enLog="Aspir Samba">Aspir Samba</b>
  <b id="370" duration="90" fr="Samba Hâte" de="Kraken-Samba" jp="ヘイストサンバ" enLog="Haste Samba">Haste Samba</b>
  <b id="371" duration="0" fr="Tir véloce" de="Schnell-Lader" jp="ベロシティショット" enLog="Velocity Shot">Velocity Shot</b>
  <b id="375" duration="0" fr="Pirouette intense" de="Odins Polka" jp="B.フラリッシュ" enLog="Building Flourish">Building Flourish</b>
  <b id="376" duration="0" fr="Transe" de="Trance" jp="トランス" enLog="Trance">Trance</b>
  <b id="377" duration="0" fr="Tabula rasa" de="Tabula rasa" jp="連環計" enLog="Tabula Rasa">Tabula Rasa</b>
  <b id="378" duration="0" fr="Stupeur spoliante" de="V. Benommenheit" jp="ドレインデイズ" enLog="Drain Daze">Drain Daze</b>
  <b id="379" duration="0" fr="Stupeur aspirante" de="L. Benommenheit" jp="アスピルデイズ" enLog="Aspir Daze">Aspir Daze</b>
  <b id="380" duration="0" fr="Stupeur hâtive" de="K. Benommenheit" jp="ヘイストデイズ" enLog="Haste Daze">Haste Daze</b>
  <b id="381" duration="0" fr="Mouvement final 1" de="Tanzmanöver 1" jp="フィニシングムーブ1" enLog="Finishing Move 1">Finishing Move 1</b>
  <b id="382" duration="0" fr="Mouvement final 2" de="Tanzmanöver 2" jp="フィニシングムーブ2" enLog="Finishing Move 2">Finishing Move 2</b>
  <b id="383" duration="0" fr="Mouvement final 3" de="Tanzmanöver 3" jp="フィニシングムーブ3" enLog="Finishing Move 3">Finishing Move 3</b>
  <b id="384" duration="0" fr="Mouvement final 4" de="Tanzmanöver 4" jp="フィニシングムーブ4" enLog="Finishing Move 4">Finishing Move 4</b>
  <b id="385" duration="0" fr="Mouvement final 5" de="Tanzmanöver 5" jp="フィニシングムーブ5" enLog="Finishing Move 5">Finishing Move 5</b>
  <b id="386" duration="0" fr="Stupeur ankylosante 1" de="Pirouette 1" jp="クイックステップ1" enLog="Lethargic Daze 1">Lethargic Daze 1</b>
  <b id="387" duration="0" fr="Stupeur ankylosante 2" de="Pirouette 2" jp="クイックステップ2" enLog="Lethargic Daze 2">Lethargic Daze 2</b>
  <b id="388" duration="0" fr="Stupeur ankylosante 3" de="Pirouette 3" jp="クイックステップ3" enLog="Lethargic Daze 3">Lethargic Daze 3</b>
  <b id="389" duration="0" fr="Stupeur ankylosante 4" de="Pirouette 4" jp="クイックステップ4" enLog="Lethargic Daze 4">Lethargic Daze 4</b>
  <b id="390" duration="0" fr="Stupeur ankylosante 5" de="Pirouette 5" jp="クイックステップ5" enLog="Lethargic Daze 5">Lethargic Daze 5</b>
  <b id="391" duration="0" fr="Stupeur débilitante 1" de="Ausfallschritt 1" jp="ボックスステップ1" enLog="Sluggish Daze 1">Sluggish Daze 1</b>
  <b id="392" duration="0" fr="Stupeur débilitante 2" de="Ausfallschritt 2" jp="ボックスステップ2" enLog="Sluggish Daze 2">Sluggish Daze 2</b>
  <b id="393" duration="0" fr="Stupeur débilitante 3" de="Ausfallschritt 3" jp="ボックスステップ3" enLog="Sluggish Daze 3">Sluggish Daze 3</b>
  <b id="394" duration="0" fr="Stupeur débilitante 4" de="Ausfallschritt 4" jp="ボックスステップ4" enLog="Sluggish Daze 4">Sluggish Daze 4</b>
  <b id="395" duration="0" fr="Stupeur débilitante 5" de="Ausfallschritt 5" jp="ボックスステップ5" enLog="Sluggish Daze 5">Sluggish Daze 5</b>
  <b id="396" duration="0" fr="Stupeur abrutissante 1" de="Schuhplattler 1" jp="スタッターステップ1" enLog="Weakened Daze 1">Weakened Daze 1</b>
  <b id="397" duration="0" fr="Stupeur abrutissante 2" de="Schuhplattler 2" jp="スタッターステップ2" enLog="Weakened Daze 2">Weakened Daze 2</b>
  <b id="398" duration="0" fr="Stupeur abrutissante 3" de="Schuhplattler 3" jp="スタッターステップ3" enLog="Weakened Daze 3">Weakened Daze 3</b>
  <b id="399" duration="0" fr="Stupeur abrutissante 4" de="Schuhplattler 4" jp="スタッターステップ4" enLog="Weakened Daze 4">Weakened Daze 4</b>
  <b id="400" duration="0" fr="Stupeur abrutissante 5" de="Schuhplattler 5" jp="スタッターステップ5" enLog="Weakened Daze 5">Weakened Daze 5</b>
  <b id="401" duration="0" fr="Addenda blanc" de="Addendum albus" jp="白の補遺" enLog="Addendum: White">Addendum: White</b>
  <b id="402" duration="0" fr="Addenda noir" de="Addendum niger" jp="黒の補遺" enLog="Addendum: Black">Addendum: Black</b>
  <b id="403" duration="0" fr="Représailles" de="Reflexion" jp="リアクト" enLog="Reprisal">Reprisal</b>
  <b id="404" duration="0" fr="Esquive mag. réduite" de="Magie-Ausweich-Down" jp="魔法回避率ダウン" enLog="Magic Evasion Down">Magic Evasion Down</b>
  <b id="405" duration="0" fr="Contre-attaque" de="Sühne" jp="リタリエーション" enLog="Retaliation">Retaliation</b>
  <b id="406" duration="0" fr="Jeu de jambes" de="Beinarbeit" jp="猫足立ち" enLog="Footwork">Footwork</b>
  <b id="407" duration="0" fr="Traité de réflexion" de="Prognostica" jp="虚誘掩殺の策" enLog="Klimaform">Klimaform</b>
  <b id="408" duration="0" fr="Sekkanoki" de="Sekkanoki" jp="石火之機" enLog="Sekkanoki">Sekkanoki</b>
  <b id="409" duration="0" fr="Pianissimo" de="Pianissimo" jp="ピアニッシモ" enLog="Pianissimo">Pianissimo</b>
  <b id="410" duration="0" fr="Danse du sabre" de="Klingentanz" jp="剣の舞い" enLog="Saber Dance">Saber Dance</b>
  <b id="411" duration="0" fr="Danse de l'éventail" de="Fächertanz" jp="扇の舞い" enLog="Fan Dance">Fan Dance</b>
  <b id="412" duration="0" fr="Altruisme" de="Utile dulci" jp="不惜身命の章" enLog="Altruism">Altruism</b>
  <b id="413" duration="0" fr="Focalisation" de="Lege artis" jp="一心精進の章" enLog="Focalization">Focalization</b>
  <b id="414" duration="0" fr="Humilité" de="Modus incognitus" jp="天衣無縫の章" enLog="Tranquility">Tranquility</b>
  <b id="415" duration="0" fr="Ataraxie" de="Modus arcanus" jp="無憂無風の章" enLog="Equanimity">Equanimity</b>
  <b id="416" duration="0" fr="Apaisement" de="Licentia poetica" jp="大悟徹底" enLog="Enlightenment">Enlightenment</b>
  <b id="417" duration="0" fr="Consolation" de="Afflatus solatii" jp="ハートオブソラス" enLog="Afflatus Solace">Afflatus Solace</b>
  <b id="418" duration="0" fr="Adversité" de="Afflatus miseriae" jp="ハートオブミゼリ" enLog="Afflatus Misery">Afflatus Misery</b>
  <b id="419" duration="0" fr="Aplomb" de="Fassung" jp="コンポージャー" enLog="Composure">Composure</b>
  <b id="420" duration="0" fr="Yonin" de="Sonnenkunst" jp="陽忍" enLog="Yonin">Yonin</b>
  <b id="421" duration="0" fr="Innin" de="Schattenkunst" jp="陰忍" enLog="Innin">Innin</b>
  <b id="422" duration="0" fr="Egide de Carbuncle" de="Carbuncles Schutz" jp="カーバンクルの加護" enLog="Carbuncle's Favor">Carbuncle's Favor</b>
  <b id="423" duration="0" fr="Egide d'Ifrit" de="Ifrits Schutz" jp="イフリートの加護" enLog="Ifrit's Favor">Ifrit's Favor</b>
  <b id="424" duration="0" fr="Egide de Shiva" de="Shivas Schutz" jp="シヴァの加護" enLog="Shiva's Favor">Shiva's Favor</b>
  <b id="425" duration="0" fr="Egide de Garuda" de="Garudas Schutz" jp="ガルーダの加護" enLog="Garuda's Favor">Garuda's Favor</b>
  <b id="426" duration="0" fr="Egide de Titan" de="Titans Schutz" jp="タイタンの加護" enLog="Titan's Favor">Titan's Favor</b>
  <b id="427" duration="0" fr="Egide de Ramuh" de="Ramuhs Schutz" jp="ラムウの加護" enLog="Ramuh's Favor">Ramuh's Favor</b>
  <b id="428" duration="0" fr="Egide de Leviathan" de="Leviathans Schutz" jp="リヴァイアサンの加護" enLog="Leviathan's Favor">Leviathan's Favor</b>
  <b id="429" duration="0" fr="Egide de Fenrir" de="Fenrirs Schutz" jp="フェンリルの加護" enLog="Fenrir's Favor">Fenrir's Favor</b>
  <b id="430" duration="0" fr="Egide de Diabolos" de="Diabolos' Schutz" jp="ディアボロスの加護" enLog="Diabolos's Favor">Diabolos's Favor</b>
  <b id="431" duration="0" fr="Egide" de="Avatar-Empathie" jp="神獣の加護" enLog="Avatar's Favor">Avatar's Favor</b>
  <b id="432" duration="0" fr="Attaque multiple" de="Multi-Attacke" jp="マルチアタック" enLog="Multi Strikes">Multi Strikes</b>
  <b id="433" duration="0" fr="Double tir" de="Doppelschuss" jp="ダブルショット" enLog="Double Shot">Double Shot</b>
  <b id="434" duration="0" fr="Puissance des dieux" de="Göttertrunk" jp="天神地祇" enLog="Transcendency">Transcendency</b>
  <b id="435" duration="0" fr="Retenue" de="Beherrschung" jp="リストレント" enLog="Restraint">Restraint</b>
  <b id="436" duration="0" fr="Riposte absolue" de="Super-Konter" jp="絶対カウンター" enLog="Perfect Counter">Perfect Counter</b>
  <b id="437" duration="0" fr="Barrière de Mana" de="Mana-Wall" jp="マナウォール" enLog="Mana Wall">Mana Wall</b>
  <b id="438" duration="0" fr="Emblème divin" de="Gottesemblem" jp="神聖の印" enLog="Divine Emblem">Divine Emblem</b>
  <b id="439" duration="0" fr="Vacuité des limbes" de="Niederes Nichts" jp="ネザーヴォイド" enLog="Nether Void">Nether Void</b>
  <b id="440" duration="0" fr="Sengikori" de="Sengikori" jp="先義後利" enLog="Sengikori">Sengikori</b>
  <b id="441" duration="0" fr="Futae" de="Futae" jp="二重" enLog="Futae">Futae</b>
  <b id="442" duration="0" fr="Presto" de="Degagé" jp="プレスト" enLog="Presto">Presto</b>
  <b id="443" duration="0" fr="Pirouette virulente" de="Wogende Polka" jp="C.フラリッシュ" enLog="Climactic Flourish">Climactic Flourish</b>
  <b id="444" duration="0" fr="Réplique (2)" de="Kopiebild (2)" jp="分身(2)" enLog="Copy Image (2)">Copy Image (2)</b>
  <b id="445" duration="0" fr="Réplique (3)" de="Kopiebild (3)" jp="分身(3)" enLog="Copy Image (3)">Copy Image (3)</b>
  <b id="446" duration="0" fr="Réplique (4+)" de="Kopiebild (4+)" jp="分身(4+)" enLog="Copy Image (4+)">Copy Image (4+)</b>
  <b id="447" duration="0" fr="Tir multiple" de="Multi-Schuss" jp="マルチショット" enLog="Multi Shots">Multi Shots</b>
  <b id="448" duration="0" fr="Stupeur accablante" de="Felinenschritt" jp="フェザーステップ" enLog="Bewildered Daze">Bewildered Daze</b>
  <b id="449" duration="0" fr="Stupeur accablante" de="Felinenschritt" jp="フェザーステップ" enLog="Bewildered Daze">Bewildered Daze</b>
  <b id="450" duration="0" fr="Stupeur accablante" de="Felinenschritt" jp="フェザーステップ" enLog="Bewildered Daze">Bewildered Daze</b>
  <b id="451" duration="0" fr="Stupeur accablante" de="Felinenschritt" jp="フェザーステップ" enLog="Bewildered Daze">Bewildered Daze</b>
  <b id="452" duration="0" fr="Stupeur accablante" de="Felinenschritt" jp="フェザーステップ" enLog="Bewildered Daze">Bewildered Daze</b>
  <b id="453" duration="0" fr="Caresse divine" de="Göttersalbung" jp="女神の愛撫" enLog="Divine Caress">Divine Caress</b>
  <b id="454" duration="0" fr="Persévérance" de="Debilitas " jp="サボトゥール" enLog="Saboteur">Saboteur</b>
  <b id="455" duration="0" fr="Tenuto" de="Tenuto" jp="テヌート" enLog="Tenuto">Tenuto</b>
  <b id="456" duration="0" fr="En avant !" de="Anspornen" jp="気張れ" enLog="Spur">Spur</b>
  <b id="457" duration="0" fr="Effusion" de="Efflux" jp="エフラックス" enLog="Efflux">Efflux</b>
  <b id="458" duration="0" fr="Armure tellurique" de="Gaia-Panzer" jp="大地の鎧" enLog="Earthen Armor">Earthen Armor</b>
  <b id="459" duration="0" fr="Caresse divine" de="Göttersalbung" jp="女神の愛撫" enLog="Divine Caress">Divine Caress</b>
  <b id="460" duration="0" fr="Rage sanguinaire" de="Blutrausch" jp="ブラッドレイジ" enLog="Blood Rage">Blood Rage</b>
  <b id="461" duration="0" fr="Impulsivité" de="Impetus" jp="インピタス" enLog="Impetus">Impetus</b>
  <b id="462" duration="0" fr="Conspirateur" de="Verschwörer" jp="コンスピレーター" enLog="Conspirator">Conspirator</b>
  <b id="463" duration="0" fr="Nexus sépulcral" de="Sakraler Bannspruch" jp="セプルカー" enLog="Sepulcher">Sepulcher</b>
  <b id="464" duration="0" fr="Nexus arcanique" de="Arcanabann" jp="アルケインクレスト" enLog="Arcane Crest">Arcane Crest</b>
  <b id="465" duration="0" fr="Nexus démoniaque" de="Hamanoha" jp="破魔の刃" enLog="Hamanoha">Hamanoha</b>
  <b id="466" duration="0" fr="Nexus draconique" de="Drachenbrecher" jp="ドラゴンブレイカー" enLog="Dragon Breaker">Dragon Breaker</b>
  <b id="467" duration="0" fr="Triple tir" de="Dreifachschuss" jp="トリプルショット" enLog="Triple Shot">Triple Shot</b>
  <b id="468" duration="0" fr="Pirouette cinglante" de="Doppelschlag-Polka" jp="S.フラリッシュ" enLog="Striking Flourish">Striking Flourish</b>
  <b id="469" duration="0" fr="Perpétuation" de="Bonum Auxilium" jp="令狸執鼠の章" enLog="Perpetuance">Perpetuance</b>
  <b id="470" duration="0" fr="Immanence" de="Dominus Elementorum " jp="震天動地の章" enLog="Immanence">Immanence</b>
  <b id="471" duration="0" fr="Migawari" de="Migawari" jp="身替" enLog="Migawari">Migawari</b>
  <b id="472" duration="0" fr="Pirouette ternaire" de="Ternär-Polka" jp="T.フラリッシュ" enLog="Ternary Flourish">Ternary Flourish</b>
  <b id="473" duration="0" fr="Objets inutilisables" de="Torkel" jp="アイテム使用不可" enLog="muddled">muddle</b>
  <b id="474" duration="0" fr="Prouesse temporaire" de="Elan" jp="一時技能" enLog="Prowess">Prowess</b>
  <b id="475" duration="0" fr="Milice des abîmes" de="Abyssus-Wacht" jp="ヴォイドウォッチャー" enLog="Voidwatcher">Voidwatcher</b>
  <b id="476" duration="0" fr="Sphère bénéfique" de="Sphäre" jp="インスフィア" enLog="Ensphere">Ensphere</b>
  <b id="477" duration="0" fr="Sacro-sainteté" de="Sacrosanctitas" jp="女神の聖域" enLog="Sacrosanctity">Sacrosanctity</b>
  <b id="478" duration="0" fr="Palissade" de="Palisade" jp="パリセード" enLog="Palisade">Palisade</b>
  <b id="479" duration="0" fr="Frénésie écarlate" de="Leidensdelirium" jp="レッドデリリアム" enLog="Scarlet Delirium">Scarlet Delirium</b>
  <b id="480" duration="0" fr="Frénésie écarlate" de="Leidensdelirium" jp="レッドデリリアム" enLog="Scarlet Delirium">Scarlet Delirium</b>
  <b id="482" duration="0" fr="Tir leurre" de="Täuschungsschuss" jp="デコイショット" enLog="Decoy Shot">Decoy Shot</b>
  <b id="483" duration="0" fr="Hagakure" de="Hagakure" jp="葉隠" enLog="Hagakure">Hagakure</b>
  <b id="484" duration="0" fr="Issekigan" de="Issekigan" jp="一隻眼" enLog="Issekigan">Issekigan</b>
  <b id="485" duration="0" fr="Savoir irréfréné" de="Ungezähmtes Wissen" jp="ノートリアスナレッジ" enLog="Unbridled Learning">Unbridled Learning</b>
  <b id="486" duration="0" fr="Bonus riposte" de="Konter-Boost" jp="カウンターアップ" enLog="Counter Boost">Counter Boost</b>
  <b id="487" duration="0" fr="EndoSpoliation" de="Aussaugen +" jp="エンドレイン" enLog="Endrain">Endrain</b>
  <b id="488" duration="0" fr="EndoAspiration" de="Osmose +" jp="エンアスピル" enLog="Enaspir">Enaspir</b>
  <b id="489" duration="0" fr="Répercussion" de="Nachschimmern" jp="アフターグロウ" enLog="Afterglow">Afterglow</b>
  <b id="490" duration="0" fr="Ruée hardie" de="Wilder Ansturm" jp="ブラーゼンラッシュ" enLog="Brazen Rush">Brazen Rush</b>
  <b id="491" duration="0" fr="Force intérieure" de="Innere Stärke" jp="インナーストレングス" enLog="Inner Strength">Inner Strength</b>
  <b id="492" duration="0" fr="Manteau divin" de="Obhut" jp="女神の羽衣" enLog="Asylum">Asylum</b>
  <b id="493" duration="0" fr="Sorcellerie subtile" de="Subtile Zauberei" jp="サテルソーサリー" enLog="Subtle Sorcery">Subtle Sorcery</b>
  <b id="494" duration="0" fr="Obstruction" de="Sackgasse" jp="スタイミー" enLog="Stymie">Stymie</b>
  <b id="496" duration="0" fr="Intervention" de="Intervention" jp="インターヴィーン" enLog="Intervene">Intervene</b>
  <b id="497" duration="0" fr="Vile consumation" de="Seelenfessel" jp="ソールエンスレーヴ" enLog="Soul Enslavement">Soul Enslavement</b>
  <b id="498" duration="0" fr="Débridement" de="Entfesseln" jp="アンリーシュ" enLog="Unleash">Unleash</b>
  <b id="499" duration="0" fr="Appel du clairon" de="Fanfarenstoß" jp="クラリオンコール" enLog="Clarion Call">Clarion Call</b>
  <b id="500" duration="0" fr="Mitraillage" de="Übermacht" jp="オーバーキル" enLog="Overkill">Overkill</b>
  <b id="501" duration="0" fr="Yaegasumi" de="Yaegasumi" jp="八重霞" enLog="Yaegasumi">Yaegasumi</b>
  <b id="502" duration="0" fr="Mikage" de="Mikage" jp="身影" enLog="Mikage">Mikage</b>
  <b id="503" duration="0" fr="Haut vol" de="Höhenflug" jp="フライハイ" enLog="Fly High">Fly High</b>
  <b id="504" duration="0" fr="Voie astrale" de="Astraler Leiter" jp="アストラルパッセージ" enLog="Astral Conduit">Astral Conduit</b>
  <b id="505" duration="0" fr="Sagesse irréfrénée" de="Ungezähmte Weisheit" jp="N.ウィズドム" enLog="Unbridled Wisdom">Unbridled Wisdom</b>
  <b id="507" duration="0" fr="Grand pas" de="Kabinettstück" jp="グランドパー" enLog="Grand Pas">Grand Pas</b>
  <b id="508" duration="0" fr="Compas élargi" de="Superkompass" jp="ワイデンコンパス" enLog="Widened Compass">Widened Compass</b>
  <b id="509" duration="0" fr="Subterfuge odique" de="Ode an Od" jp="オディリックサブタ" enLog="Odyllic Subterfuge">Odyllic Subterfuge</b>
  <b id="510" duration="0" fr="Energie ergonique" de="Ergonische Kraft" jp="エルゴンパワー" enLog="Ergon Might">Ergon Might</b>
  <b id="511" duration="0" fr="Marque de Raid" de="Vorstoß-Abzeichen" jp="レイヴシンボル" enLog="Reive Mark">Reive Mark</b>
  <b id="512" duration="0" fr="Ionis" de="Ionis" jp="イオニス" enLog="Ionis">Ionis</b>
  <b id="513" duration="0" fr="Géodynamisme" de="Augmentierung" jp="ボルスター" enLog="bolstered">Bolster</b>
  <b id="515" duration="0" fr="Emanation durable" de="Aura der Genügsamkeit" jp="エンデュアエマネイト" enLog="Lasting Emanation">Lasting Emanation</b>
  <b id="516" duration="0" fr="Renforcement sphérique" de="Vollkommener Kreis" jp="サークルエンリッチ" enLog="Ecliptic Attrition">Ecliptic Attrition</b>
  <b id="517" duration="0" fr="Ferveur collimatée" de="Kollimativer Rausch" jp="コリメイトファーバー" enLog="Collimated Fervor">Collimated Fervor</b>
  <b id="518" duration="0" fr="Dématérialisation" de="Dematerialisation" jp="デマテリアライズ" enLog="Dematerialize">Dematerialize</b>
  <b id="519" duration="0" fr="Focalisation thaumaturgique" de="Thaumaturgischer Fokus" jp="タウマテルギフォカス" enLog="Theurgic Focus">Theurgic Focus</b>
  <b id="522" duration="0" fr="Sforzo élémentaire" de="Verzauberungs-Sforzo" jp="Ｅ.スフォルツォ" enLog="Elemental Sforzo">Elemental Sforzo</b>
  <b id="523" duration="0" fr="Ignis" de="Ignis" jp="イグニス" enLog="Ignis">Ignis</b>
  <b id="524" duration="0" fr="Gelus" de="Gelus" jp="ゲールス" enLog="Gelus">Gelus</b>
  <b id="525" duration="0" fr="Flabra" de="Flabra" jp="フラブラ" enLog="Flabra">Flabra</b>
  <b id="526" duration="0" fr="Tellus" de="Tellus" jp="テッルス" enLog="Tellus">Tellus</b>
  <b id="527" duration="0" fr="Sulpor" de="Sulpor" jp="スルポール" enLog="Sulpor">Sulpor</b>
  <b id="528" duration="0" fr="Unda" de="Unda" jp="ウンダ" enLog="Unda">Unda</b>
  <b id="529" duration="0" fr="Lux" de="Lux" jp="ルックス" enLog="Lux">Lux</b>
  <b id="530" duration="0" fr="Tenebrae" de="Tenebrae" jp="テネブレイ" enLog="Tenebrae">Tenebrae</b>
  <b id="531" duration="0" fr="Vallation" de="Wall" jp="ヴァレション" enLog="Vallation">Vallation</b>
  <b id="532" duration="0" fr="Jeu d'épée" de="Fechtkunst" jp="ソードプレイ" enLog="Swordplay">Swordplay</b>
  <b id="533" duration="0" fr="Pflug" de="Pflug" jp="フルーグ" enLog="Pflug">Pflug</b>
  <b id="534" duration="0" fr="Affermissement" de="Ermutigung" jp="エンボルド" enLog="emboldened">Embolden</b>
  <b id="535" duration="0" fr="Valeur" de="Kühnheit" jp="ヴァリエンス" enLog="Valiance">Valiance</b>
  <b id="536" duration="0" fr="Gambit" de="Gambit" jp="ガンビット" enLog="Gambit">Gambit</b>
  <b id="537" duration="0" fr="Liement" de="Liemont" jp="リエモン" enLog="Liement">Liement</b>
  <b id="538" duration="0" fr="Un pour tous" de="Einer für alle" jp="ワンフォアオール" enLog="One for All">One for All</b>
  <b id="539" duration="0" fr="Récup" de="Regenerieren" jp="リジェネ" enLog="regenerating">Regen</b>
  <b id="540" duration="0" fr="Poison" de="Gift" jp="ポイズン" enLog="poisoned">poison</b>
  <b id="541" duration="0" fr="Recharge" de="Erfrischen" jp="リフレシュ" enLog="refreshing">Refresh</b>
  <b id="542" duration="0" fr="STR augmentée" de="STR-Boost" jp="STRアップ" enLog="STR-boosted">STR Boost</b>
  <b id="543" duration="0" fr="DEX augmentée" de="DEX-Boost" jp="DEXアップ" enLog="DEX-boosted">DEX Boost</b>
  <b id="544" duration="0" fr="VIT augmentée" de="VIT-Boost" jp="VITアップ" enLog="VIT-boosted">VIT Boost</b>
  <b id="545" duration="0" fr="AGI augmentée" de="AGI-Boost" jp="AGIアップ" enLog="AGI-boosted">AGI Boost</b>
  <b id="546" duration="0" fr="INT augmentée" de="INT-Boost" jp="INTアップ" enLog="INT-boosted">INT Boost</b>
  <b id="547" duration="0" fr="MND augmenté" de="MND-Boost" jp="MNDアップ" enLog="MND-boosted">MND Boost</b>
  <b id="548" duration="0" fr="CHR augmenté" de="CHR-Boost" jp="CHRアップ" enLog="CHR-boosted">CHR Boost</b>
  <b id="549" duration="0" fr="Attaque augmentée" de="Attacken-Boost" jp="攻撃力アップ" enLog="attack-boosted">Attack Boost</b>
  <b id="550" duration="0" fr="Défense augmentée" de="Verteidigungs-Boost" jp="防御力アップ" enLog="defense-boosted">Defense Boost</b>
  <b id="551" duration="0" fr="Attq. magique augmentée" de="Magieattacken-Boost" jp="魔法攻撃力アップ" enLog="Magic Atk. Boost">Magic Atk. Boost</b>
  <b id="552" duration="0" fr="Déf. magique augmentée" de="Magieverteidigungs-Boost" jp="魔法防御力アップ" enLog="Magic Def. Boost">Magic Def. Boost</b>
  <b id="553" duration="0" fr="Précision augmentée" de="Präzisions-Boost" jp="命中率アップ" enLog="accuracy-boosted">Accuracy Boost</b>
  <b id="554" duration="0" fr="Esquive augmentée" de="Ausweich-Boost" jp="回避率アップ" enLog="evasion-boosted">Evasion Boost</b>
  <b id="555" duration="0" fr="Préc. magique augmentée" de="Magiepräzisions-Boost" jp="魔法命中率アップ" enLog="Magic Acc. Boost">Magic Acc. Boost</b>
  <b id="556" duration="0" fr="Esq. magique augmentée" de="Magie-Ausweich-Boost" jp="魔法回避率アップ" enLog="Magic Evasion Boost">Magic Evasion Boost</b>
  <b id="557" duration="0" fr="Attaque réduite" de="Attacken-Down" jp="攻撃力ダウン" enLog="afflicted with Attack Down">Attack Down</b>
  <b id="558" duration="0" fr="Défense réduite" de="Verteidigungs-Down" jp="防御力ダウン" enLog="afflicted with Defense Down">Defense Down</b>
  <b id="559" duration="0" fr="Attq. magique réduite" de="Magieattacken-Down" jp="魔法攻撃力ダウン" enLog="afflicted with Magic Atk. Down">Magic Atk. Down</b>
  <b id="560" duration="0" fr="Déf. magique réduite" de="Magieverteidigungs-Down" jp="魔法防御力ダウン" enLog="afflicted with Magic Adef. Down">Magic Def. Down</b>
  <b id="561" duration="0" fr="Précision réduite" de="Präzisions-Down" jp="命中率ダウン" enLog="afflicted with Accuracy Down">Accuracy Down</b>
  <b id="562" duration="0" fr="Esquive réduite" de="Ausweich-Down" jp="回避率ダウン" enLog="afflicted with Evasion Down">Evasion Down</b>
  <b id="563" duration="0" fr="Préc. magique réduite" de="Magiepräzisions-Down" jp="魔法命中率ダウン" enLog="afflicted with Magic Acc. Down">Magic Acc. Down</b>
  <b id="564" duration="0" fr="Esq magique réduite" de="Magie-Ausweich-Down" jp="魔法回避率ダウン" enLog="afflicted with Magic Evasion Down">Magic Evasion Down</b>
  <b id="565" duration="0" fr="Lenteur" de="Gemach" jp="スロウ" enLog="slowed">slow</b>
  <b id="566" duration="0" fr="Paralysie" de="Paralyse" jp="麻痺" enLog="paralyzed">paralysis</b>
  <b id="567" duration="0" fr="Pesanteur" de="Gewicht" jp="ヘヴィ" enLog="weighed down">weight</b>
  <b id="568" duration="0" fr="Esq. spéc. augmentée" de="Traverse" jp="特殊攻撃回避率アップ" enLog="Foil">Foil</b>
  <b id="569" duration="0" fr="Emportement géomantique" de="Glanz und Gloria" jp="グローリーブレイズ" enLog="Blaze of Glory">Blaze of Glory</b>
  <b id="570" duration="0" fr="Battuta" de="Battuta" jp="バットゥタ" enLog="Battuta">Battuta</b>
  <b id="571" duration="0" fr="Rayke" de="Rayke" jp="レイク" enLog="Rayke">Rayke</b>
  <b id="572" duration="0" fr="Esquive affaiblie" de="Abwendung-Down" jp="回避能力ダウン" enLog="afflicted with Avoidance Down">Avoidance Down</b>
  <b id="573" duration="0" fr="Pointes d'eau" de="Flutspitzen" jp="アクアスパイク" enLog="Deluge Spikes">Deluge Spikes</b>
  <b id="574" duration="0" fr="Rapido-magie" de="Schnellzauber" jp="ファストキャスト" enLog="Fast Cast">Fast Cast</b>
  <b id="575" duration="0" fr="Gestation" de="Verwandlungsphase" jp="出現準備期間" enLog="gestating">gestation</b>
  <b id="576" duration="0" fr="Abattement" de="Entfremdung" jp="減退中" enLog="afflicted with Doubt">Doubt</b>
  <b id="577" duration="0" fr="Egide de Cait Sith" de="Cait Siths Schutz" jp="ケット・シーの加護" enLog="Cait Sith's Favor">Cait Sith's Favor</b>
  <b id="578" duration="0" fr="Instinct de pêcheur" de="Angelsinn" jp="釣り師のセンス" enLog="Fishy Intuition">Fishy Intuition</b>
</status>