<?xml version="1.0"?>
<!--Radsources last updated 2013.04.12. This file generated on 2013.04.13-->
<status>
  <b id="0" duration="3600" fr="K.O." de="K.o." jp="戦闘不能">KO</b>
  <b id="1" duration="300" fr="Anémie" de="Schwäche" jp="衰弱">weakness</b>
  <b id="2" duration="0" fr="Sommeil" de="Schlaf" jp="睡眠">sleep</b>
  <b id="3" duration="0" fr="Poison" de="Gift" jp="毒">poison</b>
  <b id="4" duration="0" fr="Paralysie" de="Paralyse" jp="麻痺">paralysis</b>
  <b id="5" duration="0" fr="Cécité" de="Blind" jp="暗闇">blindness</b>
  <b id="6" duration="0" fr="Silence" de="Schweigen" jp="静寂">silence</b>
  <b id="7" duration="0" fr="Pétrification" de="Stein" jp="石化">petrification</b>
  <b id="8" duration="0" fr="Maladie" de="Krankheit" jp="病気">disease</b>
  <b id="9" duration="0" fr="Maléfice" de="Fluch" jp="呪い">curse</b>
  <b id="10" duration="0" fr="Etourdissement" de="Betäubung" jp="スタン">stun</b>
  <b id="11" duration="0" fr="Entrave" de="Fessel" jp="バインド">bind</b>
  <b id="12" duration="0" fr="Pesanteur" de="Gewicht" jp="ヘヴィ">weight</b>
  <b id="13" duration="0" fr="Lenteur" de="Gemach" jp="スロウ">slow</b>
  <b id="14" duration="0" fr="Charme" de="Verzaubert" jp="魅了">charm</b>
  <b id="15" duration="0" fr="Glas" de="Verhängnis" jp="死の宣告">doom</b>
  <b id="16" duration="0" fr="Amnésie" de="Amnesie" jp="アムネジア">amnesia</b>
  <b id="17" duration="0" fr="Charme" de="Verzaubert" jp="魅了">charm</b>
  <b id="18" duration="0" fr="Pétrification graduelle" de="Petrifikation" jp="徐々に石化">gradual petrification</b>
  <b id="19" duration="0" fr="Sommeil" de="Schlaf" jp="睡眠">sleep</b>
  <b id="20" duration="0" fr="Maléfice" de="Fluch" jp="呪い">curse</b>
  <b id="21" duration="0" fr="Egarement" de="Geist-Vernebelung" jp="アドル">addle</b>
  <b id="22" duration="0" fr="Intimidation" de="Drangsalierung" jp="ひるみ">intimidate</b>
  <b id="23" duration="0" fr="Kaustra" de="Kaustra" jp="メルトン">Kaustra</b>
  <b id="24" duration="0" fr="&#xD;&#xA;    " de="ST24" jp="ＳＴ２４">ST24</b>
  <b id="25" duration="0" fr="&#xD;&#xA;    " de="ST25" jp="ＳＴ２５">ST25</b>
  <b id="26" duration="0" fr="&#xD;&#xA;    " de="ST26" jp="ＳＴ２６">ST26</b>
  <b id="27" duration="0" fr="&#xD;&#xA;    " de="ST27" jp="ＳＴ２７">ST27</b>
  <b id="28" duration="0" fr="Terreur" de="Angst" jp="テラー">terror</b>
  <b id="29" duration="0" fr="Mutisme" de="Stumm" jp="沈黙">mute</b>
  <b id="30" duration="0" fr="Possession" de="Bann" jp="呪詛">bane</b>
  <b id="31" duration="0" fr="Peste" de="Pest" jp="悪疫">plague</b>
  <b id="32" duration="30" fr="Fuite" de="Reißaus" jp="とんずら">Flee</b>
  <b id="33" duration="180" fr="Hâte" de="Hast" jp="ヘイスト">Haste</b>
  <b id="34" duration="180" fr="Pointes de feu" de="Flammenspitzen" jp="ブレイズスパイク">Blaze Spikes</b>
  <b id="35" duration="180" fr="Pointes de glace" de="Eisspitzen" jp="アイススパイク">Ice Spikes</b>
  <b id="36" duration="300" fr="Faux-semblant" de="Spiegelschimmer" jp="ブリンク">Blink</b>
  <b id="37" duration="300" fr="Cuirasse" de="Steinhaut" jp="ストンスキン">Stoneskin</b>
  <b id="38" duration="180" fr="Pointes de foudre" de="Schockspitzen" jp="ショックスパイク">Shock Spikes</b>
  <b id="39" duration="300" fr="Aquavoile" de="Wasserschleier" jp="アクアベール">Aquaveil</b>
  <b id="40" duration="1800" fr="Bouclier" de="Schutz" jp="プロテス">Protect</b>
  <b id="41" duration="1800" fr="Barrière" de="Schutzschirm" jp="シェル">Shell</b>
  <b id="42" duration="60" fr="Récup" de="Regenerieren" jp="リジェネ">Regen</b>
  <b id="43" duration="150" fr="Recharge" de="Erfrischen" jp="リフレシュ">Refresh</b>
  <b id="44" duration="45" fr="Destro-frappes" de="Powerschläge" jp="マイティストライク">Mighty Strikes</b>
  <b id="45" duration="180" fr="Accumulation" de="Boost" jp="ためる">Boost</b>
  <b id="46" duration="45" fr="Cent poings" de="Hundert Fäuste" jp="百烈拳">Hundred Fists</b>
  <b id="47" duration="60" fr="Source de Mana" de="Mana-Fontäne" jp="魔力の泉">Manafont</b>
  <b id="48" duration="60" fr="Chaîne de sorts" de="Kettenspruch" jp="連続魔">Chainspell</b>
  <b id="49" duration="30" fr="Esquive absolue" de="Superkniff" jp="絶対回避">Perfect Dodge</b>
  <b id="50" duration="30" fr="Invincible" de="Unbesiegbar" jp="インビンシブル">Invincible</b>
  <b id="51" duration="30" fr="Arme sanguinaire" de="Blutwaffe" jp="ブラッドウェポン">Blood Weapon</b>
  <b id="52" duration="180" fr="Voix de l'âme" de="Seelenstimme" jp="ソウルボイス">Soul Voice</b>
  <b id="53" duration="0" fr="Œil d'aigle" de="Adleraugen-Schuss" jp="イーグルアイ">Eagle Eye Shot</b>
  <b id="54" duration="30" fr="Meikyo Shisui" de="Meikyo Shisui" jp="明鏡止水">Meikyo Shisui</b>
  <b id="55" duration="180" fr="Aura astrale" de="Astralstrom" jp="アストラルフロウ">Astral Flow</b>
  <b id="56" duration="180" fr="Berserk" de="Berserker" jp="バーサク">Berserk</b>
  <b id="57" duration="180" fr="Défenseur" de="Defender" jp="ディフェンダー">Defender</b>
  <b id="58" duration="180" fr="Agresseur" de="Aggressor" jp="アグレッサー">Aggressor</b>
  <b id="59" duration="120" fr="Précision" de="Fokus" jp="集中">Focus</b>
  <b id="60" duration="120" fr="Esquive +" de="Ausweichen" jp="回避">Dodge</b>
  <b id="61" duration="300" fr="Qui-vive" de="Gegenzug" jp="かまえる">Counterstance</b>
  <b id="62" duration="30" fr="Sentinelle" de="Sentinel" jp="センチネル">Sentinel</b>
  <b id="63" duration="60" fr="Noirceur" de="Seelenfresser" jp="暗黒">Souleater</b>
  <b id="64" duration="180" fr="Dernier recours" de="Letzter Ausweg" jp="ラストリゾート">Last Resort</b>
  <b id="65" duration="60" fr="Attaque furtive" de="Schleichattacke" jp="不意打ち">Sneak Attack</b>
  <b id="66" duration="-1" fr="Réplique" de="Kopiebild" jp="分身">Copy Image</b>
  <b id="67" duration="30" fr="Troisième œil" de="3. Auge" jp="心眼">Third Eye</b>
  <b id="68" duration="30" fr="Cri de guerre" de="Kampfschrei" jp="ウォークライ">Warcry</b>
  <b id="69" duration="300" fr="Invisible" de="Unsichtbar" jp="インビジ">Invisible</b>
  <b id="70" duration="300" fr="Inodore" de="Parfümieren" jp="デオード">Deodorize</b>
  <b id="71" duration="300" fr="Furtivité" de="Schleichen" jp="スニーク">Sneak</b>
  <b id="72" duration="0" fr="Visée" de="Fangschuss" jp="狙い撃ち">Sharpshot</b>
  <b id="73" duration="60" fr="Tir en rafale" de="Trommelfeuer" jp="乱れ撃ち">Barrage</b>
  <b id="74" duration="180" fr="Cercle sacré" de="Heiliger Kreis" jp="ホーリーサークル">Holy Circle</b>
  <b id="75" duration="180" fr="Cercle ésotérique" de="Arcana-Kreis" jp="アルケインサークル">Arcane Circle</b>
  <b id="76" duration="0" fr="Dissimulation" de="Verstecken" jp="かくれる">Hide</b>
  <b id="77" duration="0" fr="Camouflage" de="Tarnung" jp="カモフラージュ">Camouflage</b>
  <b id="78" duration="60" fr="Sceau divin" de="Göttersiegel" jp="女神の印">Divine Seal</b>
  <b id="79" duration="60" fr="Sceau élémentaire" de="Elementar-Siegel" jp="精霊の印">Elemental Seal</b>
  <b id="80" duration="0" fr="STR augmentée" de="STR-Boost" jp="STRアップ">STR Boost</b>
  <b id="81" duration="0" fr="DEX augmentée" de="DEX-Boost" jp="DEXアップ">DEX Boost</b>
  <b id="82" duration="0" fr="VIT augmentée" de="VIT-Boost" jp="VITアップ">VIT Boost</b>
  <b id="83" duration="0" fr="AGI augmentée" de="AGI-Boost" jp="AGIアップ">AGI Boost</b>
  <b id="84" duration="0" fr="INT augmentée" de="INT-Boost" jp="INTアップ">INT Boost</b>
  <b id="85" duration="0" fr="MND augmenté" de="MND-Boost" jp="MNDアップ">MND Boost</b>
  <b id="86" duration="0" fr="CHR augmenté" de="CHR-Boost" jp="CHRアップ">CHR Boost</b>
  <b id="87" duration="60" fr="Attaque sournoise" de="Trickattacke" jp="だまし討ち">Trick Attack</b>
  <b id="88" duration="0" fr="Max. HP augmenté" de="Max HP-Boost" jp="HPmaxアップ">Max HP Boost</b>
  <b id="89" duration="0" fr="Max. MP augmenté" de="Max MP-Boost" jp="MPmaxアップ">Max MP Boost</b>
  <b id="90" duration="0" fr="Précision augmentée" de="Präzisions-Boost" jp="命中率アップ">Accuracy Boost</b>
  <b id="91" duration="0" fr="Attaque augmentée" de="Attacken-Boost" jp="攻撃力アップ">Attack Boost</b>
  <b id="92" duration="0" fr="Esquive augmentée" de="Ausweich-Boost" jp="回避率アップ">Evasion Boost</b>
  <b id="93" duration="0" fr="Défense augmentée" de="Verteidigungs-Boost" jp="防御力アップ">Defense Boost</b>
  <b id="94" duration="180" fr="EndoFeu" de="Feuer +" jp="エンファイア">Enfire</b>
  <b id="95" duration="180" fr="EndoGlace" de="Eis +" jp="エンブリザド">Enblizzard</b>
  <b id="96" duration="180" fr="EndoVent" de="Wind +" jp="エンエアロ">Enaero</b>
  <b id="97" duration="180" fr="EndoPierre" de="Erde +" jp="エンストーン">Enstone</b>
  <b id="98" duration="180" fr="EndoFoudre" de="Donner +" jp="エンサンダー">Enthunder</b>
  <b id="99" duration="180" fr="EndoEau" de="Wasser +" jp="エンウォータ">Enwater</b>
  <b id="100" duration="300" fr="AntiFeu" de="Feuerriegel" jp="バファイ">Barfire</b>
  <b id="101" duration="300" fr="AntiGlace" de="Eisriegel" jp="バブリザ">Barblizzard</b>
  <b id="102" duration="300" fr="AntiVent" de="Windriegel" jp="バエアロ">Baraero</b>
  <b id="103" duration="300" fr="AntiPierre" de="Erdenriegel" jp="バストン">Barstone</b>
  <b id="104" duration="300" fr="AntiFoudre" de="Donnerriegel" jp="バサンダ">Barthunder</b>
  <b id="105" duration="300" fr="AntiEau" de="Wasserriegel" jp="バウォタ">Barwater</b>
  <b id="106" duration="480" fr="AntiSommeil" de="Schlafriegel" jp="バスリプル">Barsleep</b>
  <b id="107" duration="480" fr="AntiPoison" de="Giftriegel" jp="バポイズン">Barpoison</b>
  <b id="108" duration="480" fr="AntiParalysie" de="Paralyseriegel" jp="バパライズ">Barparalyze</b>
  <b id="109" duration="480" fr="AntiCécité" de="Blindriegel" jp="バブライン">Barblind</b>
  <b id="110" duration="480" fr="AntiSilence" de="Schweigriegel" jp="バサイレス">Barsilence</b>
  <b id="111" duration="480" fr="AntiPétrification" de="Steinriegel" jp="バブレイク">Barpetrify</b>
  <b id="112" duration="480" fr="AntiVirus" de="Virenriegel" jp="バウィルス">Barvirus</b>
  <b id="113" duration="3600" fr="Revie" de="Wiederauferstehen" jp="リレイズ">Reraise</b>
  <b id="114" duration="15" fr="Couverture" de="Deckung" jp="かばう">Cover</b>
  <b id="115" duration="60" fr="Tirs illimités" de="Dauerschuss" jp="エンドレスショット">Unlimited Shot</b>
  <b id="116" duration="180" fr="Phalange" de="Phalanx" jp="ファランクス">Phalanx</b>
  <b id="117" duration="180" fr="Cercle protecteur" de="Gewahrsamskreis" jp="護摩の守護円">Warding Circle</b>
  <b id="118" duration="180" fr="Cercle ancien" de="Urkreis" jp="エンシェントサークル">Ancient Circle</b>
  <b id="119" duration="-1" fr="STR augmentée" de="STR-Boost" jp="STRアップ">STR Boost</b>
  <b id="120" duration="-1" fr="DEX augmentée" de="DEX-Boost" jp="DEXアップ">DEX Boost</b>
  <b id="121" duration="-1" fr="VIT augmentée" de="VIT-Boost" jp="VITアップ">VIT Boost</b>
  <b id="122" duration="-1" fr="AGI augmentée" de="AGI-Boost" jp="AGIアップ">AGI Boost</b>
  <b id="123" duration="-1" fr="INT augmentée" de="INT-Boost" jp="INTアップ">INT Boost</b>
  <b id="124" duration="-1" fr="MND augmenté" de="MND-Boost" jp="MNDアップ">MND Boost</b>
  <b id="125" duration="-1" fr="CHR augmenté" de="CHR-Boost" jp="CHRアップ">CHR Boost</b>
  <b id="126" duration="60" fr="Souffle d'esprit" de="Seelenstoß" jp="竜剣">Spirit Surge</b>
  <b id="127" duration="0" fr="Costume" de="Kostüm" jp="コスチューム">Costume</b>
  <b id="128" duration="0" fr="Combustion" de="Brennen" jp="バーン">Burn</b>
  <b id="129" duration="0" fr="Givre" de="Frost" jp="フロスト">Frost</b>
  <b id="130" duration="0" fr="Suffocation" de="Drossel" jp="チョーク">Choke</b>
  <b id="131" duration="0" fr="Râpe" de="Raspel" jp="ラスプ">Rasp</b>
  <b id="132" duration="0" fr="Choc" de="Schock" jp="ショック">Shock</b>
  <b id="133" duration="0" fr="Submersion" de="Ertrinken" jp="ドラウン">Drown</b>
  <b id="134" duration="0" fr="Lumen" de="Dia" jp="ディア">Dia</b>
  <b id="135" duration="0" fr="Bactérie" de="Bio" jp="バイオ">Bio</b>
  <b id="136" duration="0" fr="STR réduite" de="STR-Down" jp="STRダウン">STR Down</b>
  <b id="137" duration="0" fr="DEX réduite" de="DEX-Down" jp="DEXダウン">DEX Down</b>
  <b id="138" duration="0" fr="VIT réduite" de="VIT-Down" jp="VITダウン">VIT Down</b>
  <b id="139" duration="0" fr="AGI réduite" de="AGI-Down" jp="AGIダウン">AGI Down</b>
  <b id="140" duration="0" fr="INT réduite" de="INT-Down" jp="INTダウン">INT Down</b>
  <b id="141" duration="0" fr="MND réduit" de="MND-Down" jp="MNDダウン">MND Down</b>
  <b id="142" duration="0" fr="CHR réduit" de="CHR-Down" jp="CHRダウン">CHR Down</b>
  <b id="143" duration="0" fr="Restriction de niveau" de="Level-Einschränkung" jp="レベル制限">Level Restriction</b>
  <b id="144" duration="0" fr="Max. HP réduit" de="Max HP-Down" jp="HPmaxダウン">Max HP Down</b>
  <b id="145" duration="0" fr="Max. MP réduit" de="Max MP-Down" jp="MPmaxダウン">Max MP Down</b>
  <b id="146" duration="0" fr="Précision réduite" de="Präzisions-Down" jp="命中率ダウン">Accuracy Down</b>
  <b id="147" duration="0" fr="Attaque réduite" de="Attacken-Down" jp="攻撃力ダウン">Attack Down</b>
  <b id="148" duration="0" fr="Esquive réduite" de="Ausweich-Down" jp="回避率ダウン">Evasion Down</b>
  <b id="149" duration="0" fr="Défense réduite" de="Verteidigungs-Down" jp="防御力ダウン">Defense Down</b>
  <b id="150" duration="60" fr="Bouclier physique" de="Körperschild" jp="物理バリア">Physical Shield</b>
  <b id="151" duration="60" fr="Bouclier à flèches" de="Pfeilschild" jp="遠隔物理バリア">Arrow Shield</b>
  <b id="152" duration="60" fr="Bouclier magique" de="Magieschild" jp="魔法バリア">Magic Shield</b>
  <b id="153" duration="0" fr="Pointes de dégâts" de="Schadensspitzen" jp="ダメージスパイク">Damage Spikes</b>
  <b id="154" duration="180" fr="Rubis brillant" de="Glanzrubin" jp="ルビーの輝き">Shining Ruby</b>
  <b id="155" duration="0" fr="Remède" de="Unter Medikament" jp="服薬中">medicine</b>
  <b id="156" duration="0" fr="Flash" de="Blitzlicht" jp="フラッシュ">Flash</b>
  <b id="157" duration="-1" fr="Restriction JS" de="NJ-Beschränkung" jp="サポートジョブ無効">SJ Restriction</b>
  <b id="158" duration="0" fr="Provocation" de="Provoziert" jp="挑発">Provoke</b>
  <b id="159" duration="0" fr="Pénalité" de="Bestrafung" jp="ペナルティ">penalty</b>
  <b id="160" duration="0" fr="Préparations" de="Vorbereitungen" jp="試合復帰準備中">preparations</b>
  <b id="161" duration="0" fr="Sprint" de="Sprint" jp="スプリント">Sprint</b>
  <b id="162" duration="0" fr="Enchantement" de="Verzaubertes Item" jp="エンチャント">enchantment</b>
  <b id="163" duration="30" fr="Sagesse d'azur" de="Blaues Gesetz" jp="アジュールロー">Azure Lore</b>
  <b id="164" duration="30" fr="Lien de chaînes" de="Blaue Kette" jp="ブルーチェーン">Chain Affinity</b>
  <b id="165" duration="30" fr="Lien d'explosions" de="Blauer Ausbruch" jp="ブルーバースト">Burst Affinity</b>
  <b id="166" duration="60" fr="Suractivité" de="Overdrive" jp="オーバードライヴ">Overdrive</b>
  <b id="167" duration="0" fr="Déf. magique réduite" de="Verminderte Magieabwehr" jp="魔法防御力ダウン">Magic Def. Down</b>
  <b id="168" duration="0" fr="Inhibition de TP" de="TP-Sperre" jp="インヒビットTP">Inhibit TP</b>
  <b id="169" duration="60" fr="Puissance" de="Wirksamkeit" jp="ポテンシー">Potency</b>
  <b id="170" duration="180" fr="Regain" de="Wiedererlangen" jp="リゲイン">Regain</b>
  <b id="171" duration="60" fr="Pax" de="Pax" jp="パクス">Pax</b>
  <b id="172" duration="0" fr="Intensification" de="Intensivierung" jp="インテンション">Intension</b>
  <b id="173" duration="60" fr="Pointes d'effroi" de="Furchtspitzen" jp="ドレッドスパイク">Dread Spikes</b>
  <b id="174" duration="0" fr="Préc. magique réduite" de="Magiepräzisions-Down" jp="魔法命中率ダウン">Magic Acc. Down</b>
  <b id="175" duration="0" fr="Attq. magique réduite" de="Magieattacken-Down" jp="魔法攻撃力ダウン">Magic Atk. Down</b>
  <b id="176" duration="0" fr="Vitesse déplacement augmentée" de="Beschleunigung" jp="移動速度アップ">quickening</b>
  <b id="177" duration="0" fr="Astreinte" de="Belastung" jp="装備変更不可">encumbrance</b>
  <b id="178" duration="180" fr="Loi de la canicule" de="Feuerfront" jp="熱波の陣">Firestorm</b>
  <b id="179" duration="180" fr="Loi du blizzard" de="Hagelfront" jp="吹雪の陣">Hailstorm</b>
  <b id="180" duration="180" fr="Loi des ouragans" de="Sturmfront" jp="烈風の陣">Windstorm</b>
  <b id="181" duration="180" fr="Loi de la sécheresse" de="Staubfront" jp="砂塵の陣">Sandstorm</b>
  <b id="182" duration="180" fr="Loi des orages" de="Gewitterfront" jp="疾雷の陣">Thunderstorm</b>
  <b id="183" duration="180" fr="Loi des averses" de="Regenfront" jp="豪雨の陣">Rainstorm</b>
  <b id="184" duration="180" fr="Loi de l'aurore" de="Aurorafront" jp="極光の陣">Aurorastorm</b>
  <b id="185" duration="180" fr="Loi du crépuscule" de="Nebelfront" jp="妖霧の陣">Voidstorm</b>
  <b id="186" duration="0" fr="Thèse" de="Kern" jp="計略">Helix</b>
  <b id="187" duration="0" fr="Révisions en cours" de="MP-Anhäufung" jp="机上演習:蓄積中">Sublimation: Activated</b>
  <b id="188" duration="-1" fr="Révisions terminées" de="MP-Speicher" jp="机上演習:蓄積完了">Sublimation: Complete</b>
  <b id="189" duration="0" fr="Max. TP réduit" de="Max TP-Down" jp="TPmaxダウン">Max TP Down</b>
  <b id="190" duration="0" fr="Attq. magique augmentée" de="Magieattacken-Boost" jp="魔法攻撃力アップ">Magic Atk. Boost</b>
  <b id="191" duration="0" fr="Déf. magique augmentée" de="Magieverteidigungs-Boost" jp="魔法防御力アップ">Magic Def. Boost</b>
  <b id="192" duration="0" fr="Requiem" de="Requiem" jp="レクイエム">Requiem</b>
  <b id="193" duration="30" fr="Berceuse" de="Wiegenlied" jp="ララバイ">Lullaby</b>
  <b id="194" duration="180" fr="Elégie" de="Elegie" jp="エレジー">Elegy</b>
  <b id="195" duration="120" fr="Péan" de="Paeon" jp="ピーアン">Paeon</b>
  <b id="196" duration="120" fr="Ballade" de="Ballade" jp="バラード">Ballad</b>
  <b id="197" duration="120" fr="Lied" de="Minne" jp="ミンネ">Minne</b>
  <b id="198" duration="120" fr="Menuet" de="Menuett" jp="メヌエット">Minuet</b>
  <b id="199" duration="120" fr="Madrigal" de="Madrigal" jp="マドリガル">Madrigal</b>
  <b id="200" duration="120" fr="Prélude" de="Präludium" jp="プレリュード">Prelude</b>
  <b id="201" duration="120" fr="Mambo" de="Mambo" jp="マンボ">Mambo</b>
  <b id="202" duration="120" fr="Aubade" de="Aubade" jp="オーバード">Aubade</b>
  <b id="203" duration="120" fr="Pastorale" de="Kirchenlied" jp="パストラル">Pastoral</b>
  <b id="204" duration="120" fr="Chant" de="Summen" jp="ハミング">Hum</b>
  <b id="205" duration="120" fr="Fantaisie" de="Fantasia" jp="ファンタジア">Fantasia</b>
  <b id="206" duration="120" fr="Opérette" de="Operette" jp="オペレッタ">Operetta</b>
  <b id="207" duration="120" fr="Capriccio" de="Capriccio" jp="カプリチオ">Capriccio</b>
  <b id="208" duration="120" fr="Sérénade" de="Serenade" jp="セレナーデ">Serenade</b>
  <b id="209" duration="120" fr="Rondo" de="Rondo" jp="ロンド">Round</b>
  <b id="210" duration="120" fr="Gavotte" de="Gavotte" jp="ガボット">Gavotte</b>
  <b id="211" duration="120" fr="Fugue" de="Fuge" jp="フーガ">Fugue</b>
  <b id="212" duration="120" fr="Rhapsodie" de="Rhapsodie" jp="ラプソディ">Rhapsody</b>
  <b id="213" duration="120" fr="Aria" de="Arie" jp="アリア">Aria</b>
  <b id="214" duration="120" fr="Marche" de="Marsch" jp="マーチ">March</b>
  <b id="215" duration="120" fr="Etude" de="Etüde" jp="エチュード">Etude</b>
  <b id="216" duration="120" fr="Cantique" de="Gesang" jp="カロル">Carol</b>
  <b id="217" duration="120" fr="Thrène" de="Klagelied" jp="スレノディ">Threnody</b>
  <b id="218" duration="120" fr="Hymne" de="Hymne" jp="ヒムヌス">Hymnus</b>
  <b id="219" duration="120" fr="Mazurka" de="Mazurka" jp="マズルカ">Mazurka</b>
  <b id="220" duration="120" fr="Sirvente" de="Sirvente" jp="シルベント">Sirvente</b>
  <b id="221" duration="120" fr="Mélopée" de="Abenteurer-Klagelied" jp="ダージュ">Dirge</b>
  <b id="222" duration="120" fr="Scherzo" de="Scherzo" jp="スケルツォ">Scherzo</b>
  <b id="223" duration="120" fr="Nocturne" de="Nocturne" jp="ノクターン">Nocturne</b>
  <b id="224" duration="0" fr="&#xD;&#xA;    " de="ST224" jp="ＳＴ２２４">ST224</b>
  <b id="225" duration="0" fr="&#xD;&#xA;    " de="ST225" jp="ＳＴ２２５">ST225</b>
  <b id="226" duration="0" fr="&#xD;&#xA;    " de="ST226" jp="ＳＴ２２６">ST226</b>
  <b id="227" duration="0" fr="Réserve TP" de="TP-Lagern" jp="ストアTP">Store TP</b>
  <b id="228" duration="90" fr="Hardiesse" de="Embrava" jp="オーラ">Embrava</b>
  <b id="229" duration="60" fr="Rosée de mana" de="Mana-Quell" jp="魔力の雫">Manawell</b>
  <b id="230" duration="60" fr="Spontanéité" de="Spontanität" jp="クイックマジック">Spontaneity</b>
  <b id="231" duration="60" fr="Marcato" de="Marcato" jp="マルカート">Marcato</b>
  <b id="232" duration="0" fr="&#xD;&#xA;    " de="UNBENUTZT" jp="（未使用）">(N/A)</b>
  <b id="233" duration="0" fr="Auto-récup" de="Auto-Regenerieren" jp="オートリジェネ">Auto-Regen</b>
  <b id="234" duration="0" fr="Auto-recharge" de="Auto-Erfrischen" jp="オートリフレシュ">Auto-Refresh</b>
  <b id="235" duration="0" fr="Image pêche" de="Angelbilder" jp="釣りイメージ">Fishing Imagery</b>
  <b id="236" duration="0" fr="Image menuiserie" de="Tischlereibilder" jp="木工イメージ">Woodworking Imagery</b>
  <b id="237" duration="0" fr="Image métallurgie" de="Schmiedebilder" jp="鍛冶イメージ">Smithing Imagery</b>
  <b id="238" duration="0" fr="Image orfèvrerie" de="Goldschmiedebilder" jp="彫金イメージ">Goldsmithing Imagery</b>
  <b id="239" duration="0" fr="Image confection" de="Schneiderbilder" jp="裁縫イメージ">Clothcraft Imagery</b>
  <b id="240" duration="0" fr="Image tannerie" de="Ledereibilder" jp="革細工イメージ">Leathercraft Imagery</b>
  <b id="241" duration="0" fr="Image osserie" de="Knochenwerksbilder" jp="骨細工イメージ">Bonecraft Imagery</b>
  <b id="242" duration="0" fr="Image alchimie" de="Alchemiebilder" jp="錬金術イメージ">Alchemy Imagery</b>
  <b id="243" duration="0" fr="Image cuisine" de="Kochbilder" jp="調理イメージ">Cooking Imagery</b>
  <b id="244" duration="0" fr="(Imagery)" de="(Bilder)" jp="マイスター">(Imagery)</b>
  <b id="245" duration="0" fr="(Imagery)" de="(Bilder)" jp="マイスター">(Imagery)</b>
  <b id="246" duration="0" fr="(Imagery)" de="(Bilder)" jp="マイスター">(Imagery)</b>
  <b id="247" duration="0" fr="(Imagery)" de="(Bilder)" jp="マイスター">(Imagery)</b>
  <b id="248" duration="0" fr="(Imagery)" de="(Bilder)" jp="マイスター">(Imagery)</b>
  <b id="249" duration="0" fr="Assiduité" de="Hingabe" jp="専心">Dedication</b>
  <b id="250" duration="0" fr="Ecusson CE" de="ET-Ausweis" jp="遠征軍参加資格">EF Badge</b>
  <b id="251" duration="0" fr="Nourriture" de="Essen" jp="食事">Food</b>
  <b id="252" duration="1800" fr="Chocobo" de="Chocobo" jp="チョコボ">Chocobo</b>
  <b id="253" duration="-1" fr="Sceau" de="Siegel" jp="シグネット">Signet</b>
  <b id="254" duration="0" fr="Champ de bataille" de="Schlachtfeld" jp="バトルフィールド">Battlefield</b>
  <b id="256" duration="-1" fr="Sanction" de="Sanktion" jp="サンクション">Sanction</b>
  <b id="257" duration="0" fr="Siège" de="Belagerung" jp="ビシージド">Besieged</b>
  <b id="258" duration="-1" fr="Illusion" de="Illusion" jp="イリュージョン">Illusion</b>
  <b id="259" duration="0" fr="Fardeau" de="Bürde" jp="エンカンバー">encumbrance</b>
  <b id="260" duration="0" fr="Oblitération" de="Vergessenheit" jp="オブリビセンス">Obliviscence</b>
  <b id="261" duration="0" fr="Handicap" de="Eingriff" jp="インペア">impairment</b>
  <b id="262" duration="0" fr="Omerta" de="Schweigepflicht" jp="オメルタ">Omerta</b>
  <b id="263" duration="0" fr="Impotence" de="Entkräftung" jp="デビリテート">debilitation</b>
  <b id="264" duration="0" fr="Pathos" de="Pathos" jp="パトス">Pathos</b>
  <b id="265" duration="0" fr="Exaltation" de="Aufregung" jp="フラーリー">Flurry</b>
  <b id="266" duration="0" fr="Concentration" de="Konzentration" jp="コンセントレーション">Concentration</b>
  <b id="267" duration="900" fr="Marque des alliés" de="Bündniswappen" jp="アライドタグ">Allied Tags</b>
  <b id="268" duration="-1" fr="Sigil" de="Sigille" jp="シギル">Sigil</b>
  <b id="269" duration="-1" fr="Synchronisation" de="Level-Adaption" jp="レベルシンク">Level Sync</b>
  <b id="270" duration="0" fr="Contrecoup : Niv. 1" de="Konsequenz: Level 1" jp="アフターマス:Lv1">Aftermath: Lv.1</b>
  <b id="271" duration="0" fr="Contrecoup : Niv. 2" de="Konsequenz: Level 2" jp="アフターマス:Lv2">Aftermath: Lv.2</b>
  <b id="272" duration="0" fr="Contrecoup : Niv. 3" de="Konsequenz: Level 3" jp="アフターマス:Lv3">Aftermath: Lv.3</b>
  <b id="273" duration="0" fr="Contrecoup" de="Konsequenz" jp="アフターマス">Aftermath</b>
  <b id="274" duration="180" fr="EndoLumière" de="Licht +" jp="エンライト">Enlight</b>
  <b id="275" duration="180" fr="Auspice" de="Auspizium" jp="オースピス">Auspice</b>
  <b id="276" duration="0" fr="Confrontation" de="Konfrontation" jp="コンフロント">Confrontation</b>
  <b id="277" duration="180" fr="EndoFeu II" de="Feuer ++" jp="エンファイアII">Enfire II</b>
  <b id="278" duration="180" fr="EndoGlace II" de="Eis ++" jp="エンブリザドII">Enblizzard II</b>
  <b id="279" duration="180" fr="EndoVent II" de="Wind ++" jp="エンエアロII">Enaero II</b>
  <b id="280" duration="180" fr="EndoPierre II" de="Erde ++" jp="エンストーンII">Enstone II</b>
  <b id="281" duration="180" fr="EndoFoudre II" de="Donner ++" jp="エンサンダーII">Enthunder II</b>
  <b id="282" duration="180" fr="EndoEau II" de="Wasser ++" jp="エンウォータII">Enwater II</b>
  <b id="283" duration="60" fr="Défense absolue" de="Perfekte Abwehr" jp="絶対防御">Perfect Defense</b>
  <b id="284" duration="0" fr="Œuf" de="Ei" jp="タマゴ">Egg</b>
  <b id="285" duration="0" fr="Aura d'incursion" de="Wallfahrer" jp="ビジタント">Visitant</b>
  <b id="286" duration="0" fr="AntiAmnésie" de="Amnesieriegel" jp="バアムネジア">Baramnesia</b>
  <b id="287" duration="-1" fr="Âtma" de="Atma" jp="アートマ">Atma</b>
  <b id="288" duration="180" fr="EndoTénèbres" de="Dunkel +" jp="エンダーク">Endark</b>
  <b id="289" duration="180" fr="Inimitié augmentée" de="Feindseligkeits-Boost" jp="敵対心アップ">Enmity Boost</b>
  <b id="290" duration="0" fr="Coup subtil augmenté" de="Subtilschlag-Boost" jp="モクシャアップ">Subtle Blow Plus</b>
  <b id="291" duration="180" fr="Inimitié réduite" de="Feindseligkeits-Down" jp="敵対心ダウン">Enmity Down</b>
  <b id="292" duration="0" fr="Bannière de bastion" de="IFF-Flagge" jp="ペナント">Pennant</b>
  <b id="293" duration="120" fr="NégaPétrification" de="Stein negieren" jp="ネゲートペトリ">Negate Petrify</b>
  <b id="294" duration="120" fr="NégaTerreur" de="Furcht negieren" jp="ネゲートテラー">Negate Terror</b>
  <b id="295" duration="120" fr="NégaAmnésie" de="Amnesie negieren" jp="ネゲートアムネジア">Negate Amnesia</b>
  <b id="296" duration="120" fr="NégaGlas" de="Verhängnis negieren" jp="ネゲートドゥーム">Negate Doom</b>
  <b id="297" duration="120" fr="NégaPoison" de="Gift negieren" jp="ネゲートポイズン">Negate Poison</b>
  <b id="298" duration="0" fr="Coups critiques subis augmentés" de="Krit. Ausweich-Down" jp="被クリティカルヒット率アップ">critical hit evasion down</b>
  <b id="299" duration="0" fr="Surcharge" de="Überladen" jp="オーバーロード">Overload</b>
  <b id="300" duration="0" fr="Manœuvre feu" de="Feuermanöver" jp="ファイアマニューバ">Fire Maneuver</b>
  <b id="301" duration="0" fr="Manœuvre glace" de="Eismanöver" jp="アイスマニューバ">Ice Maneuver</b>
  <b id="302" duration="0" fr="Manœuvre vent" de="Windmanöver" jp="ウィンドマニューバ">Wind Maneuver</b>
  <b id="303" duration="0" fr="Manœuvre terre" de="Erdmanöver" jp="アースマニューバ">Earth Maneuver</b>
  <b id="304" duration="0" fr="Manœuvre foudre" de="Donnermanöver" jp="サンダーマニューバ">Thunder Maneuver</b>
  <b id="305" duration="0" fr="Manœuvre eau" de="Wassermanöver" jp="ウォータマニューバ">Water Maneuver</b>
  <b id="306" duration="0" fr="Manœuvre lumière" de="Lichtmanöver" jp="ライトマニューバ">Light Maneuver</b>
  <b id="307" duration="0" fr="Manœuvre ténèbres" de="Schattenmanöver" jp="ダークマニューバ">Dark Maneuver</b>
  <b id="308" duration="0" fr="Chance de Surenchère" de="Doppelter Einsatz" jp="ダブルアップチャンス">Double-Up Chance</b>
  <b id="309" duration="0" fr="Bust" de="Pleite" jp="バスト">Bust</b>
  <b id="310" duration="300" fr="Jet combattant" de="Kämpfer-Wurf" jp="ファイターズロール">Fighter's Roll</b>
  <b id="311" duration="300" fr="Jet du moine" de="Mönchs-Wurf" jp="モンクスロール">Monk's Roll</b>
  <b id="312" duration="300" fr="Jet du guérisseur" de="Heiler-Wurf" jp="ヒーラーズロール">Healer's Roll</b>
  <b id="313" duration="300" fr="Jet du sorcier" de="Magier-Wurf" jp="ウィザーズロール">Wizard's Roll</b>
  <b id="314" duration="300" fr="Jet enchanteur" de="Hexer-Wurf" jp="ワーロックスロール">Warlock's Roll</b>
  <b id="315" duration="300" fr="Jet du brigand" de="Gauner-Wurf" jp="ローグズロール">Rogue's Roll</b>
  <b id="316" duration="300" fr="Jet du preux" de="Galant-Wurf" jp="ガランツロール">Gallant's Roll</b>
  <b id="317" duration="300" fr="Jet du chaos" de="Chaos-Wurf" jp="カオスロール">Chaos Roll</b>
  <b id="318" duration="300" fr="Jet de la bête" de="Bestien-Wurf" jp="ビーストロール">Beast Roll</b>
  <b id="319" duration="300" fr="Jet du chant" de="Choral-Wurf" jp="コーラルロール">Choral Roll</b>
  <b id="320" duration="300" fr="Jet du chasseur" de="Jäger-Wurf" jp="ハンターズロール">Hunter's Roll</b>
  <b id="321" duration="300" fr="Jet du samouraï" de="Samurai-Wurf" jp="サムライロール">Samurai Roll</b>
  <b id="322" duration="300" fr="Jet du ninja" de="Ninja-Wurf" jp="ニンジャロール">Ninja Roll</b>
  <b id="323" duration="300" fr="Jet du drachen" de="Draken-Wurf" jp="ドラケンロール">Drachen Roll</b>
  <b id="324" duration="300" fr="Jet de l'adjurateur" de="Rufer-Wurf" jp="エボカーズロール">Evoker's Roll</b>
  <b id="325" duration="300" fr="Jet du mage" de="Magus-Wurf" jp="メガスズロール">Magus's Roll</b>
  <b id="326" duration="300" fr="Jet du corsaire" de="Piraten-Wurf" jp="コルセアズロール">Corsair's Roll</b>
  <b id="327" duration="300" fr="Jet du pantin" de="Puppen-Wurf" jp="パペットロール">Puppet Roll</b>
  <b id="328" duration="300" fr="Jet du danseur" de="Flamenco-Wurf" jp="ダンサーロール">Dancer's Roll</b>
  <b id="329" duration="300" fr="Jet de l'érudit" de="Grimoire-Wurf" jp="スカラーロール">Scholar's Roll</b>
  <b id="330" duration="300" fr="Jet du coureur" de="Chocobo-Wurf" jp="ボルターズロール">Bolter's Roll</b>
  <b id="331" duration="300" fr="Jet de l'incantateur" de="Dozenten-Wurf" jp="キャスターズロール">Caster's Roll</b>
  <b id="332" duration="300" fr="Jet du veneur" de="Korsaren-Wurf" jp="コアサーズロール">Courser's Roll</b>
  <b id="333" duration="300" fr="Jet de l'agresseur" de="Brachial-Wurf" jp="ブリッツァロール">Blitzer's Roll</b>
  <b id="334" duration="300" fr="Jet du tacticien" de="Taktiker-Wurf" jp="タクティックロール">Tactician's Roll</b>
  <b id="335" duration="300" fr="Jet de l'allié" de="Domino-Wurf" jp="アライズロール">Allies' Roll</b>
  <b id="336" duration="300" fr="Jet de l'économe" de="Knauser-Wurf" jp="マイザーロール">Miser's Roll</b>
  <b id="337" duration="300" fr="Jet du compère" de="Kompagnon-Wurf" jp="コンパニオンロール">Companion's Roll</b>
  <b id="338" duration="300" fr="Jet du vengeur" de="Rächer-Wurf" jp="カウンターロール">Avenger's Roll</b>
  <b id="340" duration="60" fr="Charge du guerrier" de="Kriegerwut" jp="ウォリアーチャージ">Warrior's Charge</b>
  <b id="341" duration="180" fr="Coups informes" de="Formlose Schläge" jp="無想無念">Formless Strikes</b>
  <b id="342" duration="60" fr="Charge assassine" de="Attentäterwut" jp="アサシンチャージ">Assassin's Charge</b>
  <b id="343" duration="60" fr="Feinte" de="Finte" jp="フェイント">Feint</b>
  <b id="344" duration="60" fr="Fidélité" de="Lehnseid" jp="フィールティ">Fealty</b>
  <b id="345" duration="60" fr="Sceau ténébreux" de="Dunkles Siegel" jp="ダークシール">Dark Seal</b>
  <b id="346" duration="60" fr="Œil diabolique" de="Diabolisches Auge" jp="ディアボリクアイ">Diabolic Eye</b>
  <b id="347" duration="60" fr="Rossignol" de="Nachtigall" jp="ナイチンゲール">Nightingale</b>
  <b id="348" duration="60" fr="Troubadour" de="Troubadour" jp="トルバドゥール">Troubadour</b>
  <b id="349" duration="60" fr="Instinct de tueur" de="Killer-Instinkt" jp="K.インスティンクト">Killer Instinct</b>
  <b id="350" duration="60" fr="Tir furtif" de="Tarnschuss" jp="ステルスショット">Stealth Shot</b>
  <b id="351" duration="60" fr="Tir flagrant" de="Grellschuss" jp="フラッシーショット">Flashy Shot</b>
  <b id="352" duration="60" fr="Sange" de="Sange" jp="散華">Sange</b>
  <b id="353" duration="300" fr="Hasso" de="Hasso" jp="八双">Hasso</b>
  <b id="354" duration="300" fr="Seigan" de="Seigan" jp="星眼">Seigan</b>
  <b id="355" duration="60" fr="Convergence" de="Konvergenz" jp="コンバージェンス">Convergence</b>
  <b id="356" duration="60" fr="Diffusion" de="Diffusion" jp="ディフュージョン">Diffusion</b>
  <b id="357" duration="60" fr="As" de="Schlangenauge" jp="スネークアイ">Snake Eye</b>
  <b id="358" duration="-1" fr="Grimoire blanc" de="Weißes Grimoire" jp="白のグリモア">Light Arts</b>
  <b id="359" duration="-1" fr="Grimoire noir" de="Schwarz. Grimoire" jp="黒のグリモア">Dark Arts</b>
  <b id="360" duration="60" fr="Modestie" de="Ex Deo" jp="簡素清貧の章">Penury</b>
  <b id="361" duration="60" fr="Parcimonie" de="Ex nihilo" jp="勤倹小心の章">Parsimony</b>
  <b id="362" duration="60" fr="Célérité" de="Tempus fugit" jp="電光石火の章">Celerity</b>
  <b id="363" duration="60" fr="Alacrité" de="Tempus vincit" jp="疾風迅雷の章">Alacrity</b>
  <b id="364" duration="60" fr="Fougue" de="Fiat lux" jp="意気昂然の章">Rapture</b>
  <b id="365" duration="60" fr="Ebullition" de="Ultima ratio" jp="気炎万丈の章">Ebullience</b>
  <b id="366" duration="60" fr="Avènement" de="Summum bonum" jp="女神降臨の章">Accession</b>
  <b id="367" duration="60" fr="Manifestation" de="Summum malum" jp="精霊光来の章">Manifestation</b>
  <b id="368" duration="90" fr="Samba Spoliation" de="Vampir-Samba" jp="ドレインサンバ">Drain Samba</b>
  <b id="369" duration="90" fr="Samba Aspiration" de="Leech-Samba" jp="アスピルサンバ">Aspir Samba</b>
  <b id="370" duration="90" fr="Samba Hâte" de="Kraken-Samba" jp="ヘイストサンバ">Haste Samba</b>
  <b id="371" duration="300" fr="Tir véloce" de="Schnell-Lader" jp="ベロシティショット">Velocity Shot</b>
  <b id="372" duration="0" fr="." de="Lethargie" jp=".">.</b>
  <b id="373" duration="0" fr="." de="Erschöpfung" jp=".">.</b>
  <b id="374" duration="0" fr="." de="Schwächung" jp=".">.</b>
  <b id="375" duration="60" fr="Pirouette intense" de="Odins Polka" jp="B.フラリッシュ">Building Flourish</b>
  <b id="376" duration="60" fr="Transe" de="Trance" jp="トランス">Trance</b>
  <b id="377" duration="180" fr="Tabula rasa" de="Tabula rasa" jp="連環計">Tabula Rasa</b>
  <b id="378" duration="0" fr="Stupeur spoliante" de="V. Benommenheit" jp="ドレインデイズ">Drain Daze</b>
  <b id="379" duration="0" fr="Stupeur aspirante" de="L. Benommenheit" jp="アスピルデイズ">Aspir Daze</b>
  <b id="380" duration="0" fr="Stupeur hâtive" de="K. Benommenheit" jp="ヘイストデイズ">Haste Daze</b>
  <b id="381" duration="-1" fr="Mouvement final 1" de="Tanzmanöver 1" jp="フィニシングムーブ 1">Finishing Move 1</b>
  <b id="382" duration="-1" fr="Mouvement final 2" de="Tanzmanöver 2" jp="フィニシングムーブ 2">Finishing Move 2</b>
  <b id="383" duration="-1" fr="Mouvement final 3" de="Tanzmanöver 3" jp="フィニシングムーブ 3">Finishing Move 3</b>
  <b id="384" duration="-1" fr="Mouvement final 4" de="Tanzmanöver 4" jp="フィニシングムーブ 4">Finishing Move 4</b>
  <b id="385" duration="-1" fr="Mouvement final 5" de="Tanzmanöver 5" jp="フィニシングムーブ 5">Finishing Move 5</b>
  <b id="386" duration="0" fr="Stupeur ankylosante" de="Pirouette" jp="クイックステップ">Lethargic Daze</b>
  <b id="387" duration="0" fr="Stupeur ankylosante" de="Pirouette" jp="クイックステップ">Lethargic Daze</b>
  <b id="388" duration="0" fr="Stupeur ankylosante" de="Pirouette" jp="クイックステップ">Lethargic Daze</b>
  <b id="389" duration="0" fr="Stupeur ankylosante" de="Pirouette" jp="クイックステップ">Lethargic Daze</b>
  <b id="390" duration="0" fr="Stupeur ankylosante" de="Pirouette" jp="クイックステップ">Lethargic Daze</b>
  <b id="391" duration="0" fr="Stupeur débilitante" de="Ausfallschritt" jp="ボックスステップ">Sluggish Daze</b>
  <b id="392" duration="0" fr="Stupeur débilitante" de="Ausfallschritt" jp="ボックスステップ">Sluggish Daze</b>
  <b id="393" duration="0" fr="Stupeur débilitante" de="Ausfallschritt" jp="ボックスステップ">Sluggish Daze</b>
  <b id="394" duration="0" fr="Stupeur débilitante" de="Ausfallschritt" jp="ボックスステップ">Sluggish Daze</b>
  <b id="395" duration="0" fr="Stupeur débilitante" de="Ausfallschritt" jp="ボックスステップ">Sluggish Daze</b>
  <b id="396" duration="0" fr="Stupeur abrutissante" de="Schuhplattler" jp="スタッターステップ">Weakened Daze</b>
  <b id="397" duration="0" fr="Stupeur abrutissante" de="Schuhplattler" jp="スタッターステップ">Weakened Daze</b>
  <b id="398" duration="0" fr="Stupeur abrutissante" de="Schuhplattler" jp="スタッターステップ">Weakened Daze</b>
  <b id="399" duration="0" fr="Stupeur abrutissante" de="Schuhplattler" jp="スタッターステップ">Weakened Daze</b>
  <b id="400" duration="0" fr="Stupeur abrutissante" de="Schuhplattler" jp="スタッターステップ">Weakened Daze</b>
  <b id="401" duration="-1" fr="Addenda blanc" de="Addendum albus" jp="白の補遺">Addendum: White</b>
  <b id="402" duration="-1" fr="Addenda noir" de="Addendum niger" jp="黒の補遺">Addendum: Black</b>
  <b id="403" duration="60" fr="Représailles" de="Reflexion" jp="リアクト">Reprisal</b>
  <b id="404" duration="0" fr="Esquive mag. réduite" de="Magie-Ausweich-Down" jp="魔法回避率ダウン">Magic Evasion Down</b>
  <b id="405" duration="180" fr="Contre-attaque" de="Sühne" jp="リタリエーション">Retaliation</b>
  <b id="406" duration="300" fr="Jeu de jambes" de="Beinarbeit" jp="猫足立ち">Footwork</b>
  <b id="407" duration="180" fr="Traité de réflexion" de="Prognostica" jp="虚誘掩殺の策">Klimaform</b>
  <b id="408" duration="60" fr="Sekkanoki" de="Sekkanoki" jp="石火之機">Sekkanoki</b>
  <b id="409" duration="60" fr="Pianissimo" de="Pianissimo" jp="ピアニッシモ">Pianissimo</b>
  <b id="410" duration="300" fr="Danse du sabre" de="Klingentanz" jp="剣の舞い">Saber Dance</b>
  <b id="411" duration="300" fr="Danse de l'éventail" de="Fächertanz" jp="扇の舞い">Fan Dance</b>
  <b id="412" duration="60" fr="Altruisme" de="Utile dulci" jp="不惜身命の章">Altruism</b>
  <b id="413" duration="60" fr="Focalisation" de="Lege artis" jp="一心精進の章">Focalization</b>
  <b id="414" duration="60" fr="Humilité" de="Modus incognitus" jp="天衣無縫の章">Tranquility</b>
  <b id="415" duration="60" fr="Ataraxie" de="Modus arcanus" jp="無憂無風の章">Equanimity</b>
  <b id="416" duration="60" fr="Apaisement" de="Licentia poetica" jp="大悟徹底">Enlightenment</b>
  <b id="417" duration="-1" fr="Consolation" de="Afflatus solatii" jp="ハートオブソラス">Afflatus Solace</b>
  <b id="418" duration="-1" fr="Adversité" de="Afflatus miseriae" jp="ハートオブミゼリ">Afflatus Misery</b>
  <b id="419" duration="-1" fr="Aplomb" de="Fassung" jp="コンポージャー">Composure</b>
  <b id="420" duration="300" fr="Yonin" de="Sonnenkunst" jp="陽忍">Yonin</b>
  <b id="421" duration="300" fr="Innin" de="Schattenkunst" jp="陰忍">Innin</b>
  <b id="422" duration="-1" fr="Egide de Carbuncle" de="Carbuncles Schutz" jp="カーバンクルの加護">Carbuncle's Favor</b>
  <b id="423" duration="-1" fr="Egide d'Ifrit" de="Ifrits Schutz" jp="イフリートの加護">Ifrit's Favor</b>
  <b id="424" duration="-1" fr="Egide de Shiva" de="Shivas Schutz" jp="シヴァの加護">Shiva's Favor</b>
  <b id="425" duration="-1" fr="Egide de Garuda" de="Garudas Schutz" jp="ガルーダの加護">Garuda's Favor</b>
  <b id="426" duration="-1" fr="Egide de Titan" de="Titans Schutz" jp="タイタンの加護">Titan's Favor</b>
  <b id="427" duration="-1" fr="Egide de Ramuh" de="Ramuhs Schutz" jp="ラムウの加護">Ramuh's Favor</b>
  <b id="428" duration="-1" fr="Egide de Leviathan" de="Leviathans Schutz" jp="リヴァイアサンの加護">Leviathan's Favor</b>
  <b id="429" duration="-1" fr="Egide de Fenrir" de="Fenrirs Schutz" jp="フェンリルの加護">Fenrir's Favor</b>
  <b id="430" duration="-1" fr="Egide de Diabolos" de="Diabolos' Schutz" jp="ディアボロスの加護">Diabolos's Favor</b>
  <b id="431" duration="-1" fr="Egide" de="Avatar-Empathie" jp="神獣の加護">Avatar's Favor</b>
  <b id="432" duration="0" fr="Attaque multiple" de="Multi-Attacke" jp="マルチアタック">Multi Strikes</b>
  <b id="433" duration="0" fr="Double tir" de="Doppelschuss" jp="ダブルショット">Double Shot</b>
  <b id="434" duration="180" fr="Puissance des dieux" de="Göttertrunk" jp="天神地祇">Transcendency</b>
  <b id="435" duration="300" fr="Retenue" de="Beherrschung" jp="リストレント">Restraint</b>
  <b id="436" duration="30" fr="Riposte absolue" de="Super-Konter" jp="絶対カウンター">Perfect Counter</b>
  <b id="437" duration="300" fr="Barrière de Mana" de="Mana-Wall" jp="マナウォール">Mana Wall</b>
  <b id="438" duration="60" fr="Emblème divin" de="Gottesemblem" jp="神聖の印">Divine Emblem</b>
  <b id="439" duration="60" fr="Vacuité des limbes" de="Niederes Nichts" jp="ネザーヴォイド">Nether Void</b>
  <b id="440" duration="60" fr="Sengikori" de="Sengikori" jp="先義後利">Sengikori</b>
  <b id="441" duration="60" fr="Futae" de="Futae" jp="二重">Futae</b>
  <b id="442" duration="30" fr="Presto" de="Degagé" jp="プレスト">Presto</b>
  <b id="443" duration="60" fr="Pirouette virulente" de="Wogende Polka" jp="C.フラリッシュ">Climactic Flourish</b>
  <b id="444" duration="-1" fr="Réplique (2)" de="Kopiebild (2)" jp="分身(2)">Copy Image (2)</b>
  <b id="445" duration="-1" fr="Réplique (3)" de="Kopiebild (3)" jp="分身(3)">Copy Image (3)</b>
  <b id="446" duration="-1" fr="Réplique (4+)" de="Kopiebild (4+)" jp="分身(4+)">Copy Image (4+)</b>
  <b id="447" duration="0" fr="Tir multiple" de="Multi-Schuss" jp="マルチショット">Multi Shots</b>
  <b id="448" duration="0" fr="Stupeur accablante" de="Felinenschritt" jp="フェザーステップ">Bewildered Daze</b>
  <b id="449" duration="0" fr="Stupeur accablante" de="Felinenschritt" jp="フェザーステップ">Bewildered Daze</b>
  <b id="450" duration="0" fr="Stupeur accablante" de="Felinenschritt" jp="フェザーステップ">Bewildered Daze</b>
  <b id="451" duration="0" fr="Stupeur accablante" de="Felinenschritt" jp="フェザーステップ">Bewildered Daze</b>
  <b id="452" duration="0" fr="Stupeur accablante" de="Felinenschritt" jp="フェザーステップ">Bewildered Daze</b>
  <b id="453" duration="60" fr="Caresse divine" de="Göttersalbung" jp="女神の愛撫">Divine Caress</b>
  <b id="454" duration="60" fr="Persévérance" de="Debilitas " jp="サボトゥール">Saboteur</b>
  <b id="455" duration="60" fr="Tenuto" de="Tenuto" jp="テヌート">Tenuto</b>
  <b id="456" duration="90" fr="En avant !" de="Anspornen" jp="気張れ">Spur</b>
  <b id="457" duration="60" fr="Effusion" de="Efflux" jp="エフラックス">Efflux</b>
  <b id="458" duration="0" fr="Armure tellurique" de="Gaia-Panzer" jp="大地の鎧">Earthen Armor</b>
  <b id="459" duration="180" fr="Caresse divine" de="Göttersalbung" jp="女神の愛撫">Divine Caress</b>
  <b id="460" duration="30" fr="Rage sanguinaire" de="Blutrausch" jp="ブラッドレイジ">Blood Rage</b>
  <b id="461" duration="180" fr="Impulsivité" de="Impetus" jp="インピタス">Impetus</b>
  <b id="462" duration="60" fr="Conspirateur" de="Verschwörer" jp="コンスピレーター">Conspirator</b>
  <b id="463" duration="180" fr="Nexus sépulcral" de="Sakraler Bannspruch" jp="セプルカー">Sepulcher</b>
  <b id="464" duration="180" fr="Nexus arcanique" de="Arcanabann" jp="アルケインクレスト">Arcane Crest</b>
  <b id="465" duration="180" fr="Nexus démoniaque" de="Hamanoha" jp="破魔の刃">Hamanoha</b>
  <b id="466" duration="0" fr="Nexus draconique" de="Drachenbrecher" jp="ドラゴンブレイカー">Dragon Breaker</b>
  <b id="467" duration="90" fr="Triple tir" de="Dreifachschuss" jp="トリプルショット">Triple Shot</b>
  <b id="468" duration="60" fr="Pirouette cinglante" de="Doppelschlag-Polka" jp="S.フラリッシュ">Striking Flourish</b>
  <b id="469" duration="60" fr="Perpétuation" de="Bonum Auxilium" jp="令狸執鼠の章">Perpetuance</b>
  <b id="470" duration="60" fr="Immanence" de="Dominus Elementorum " jp="震天動地の章">Immanence</b>
  <b id="471" duration="60" fr="Migawari" de="Migawari" jp="身替">Migawari</b>
  <b id="472" duration="60" fr="Pirouette ternaire" de="Ternär-Polka" jp="T.フラリッシュ">Ternary Flourish</b>
  <b id="473" duration="0" fr="Objets inutilisables" de="Torkel" jp="アイテム使用不可">muddle</b>
  <b id="474" duration="-1" fr="Prouesse temporaire" de="Elan" jp="一時技能">Prowess</b>
  <b id="475" duration="1800" fr="Milice des abîmes" de="Abyssus-Wacht" jp="ヴォイドウォッチャー">Voidwatcher</b>
  <b id="476" duration="-1" fr="Sphère bénéfique" de="Sphäre" jp="インスフィア">Ensphere</b>
  <b id="477" duration="60" fr="Sacro-sainteté" de="Sacrosanctitas" jp="女神の聖域">Sacrosanctity</b>
  <b id="478" duration="60" fr="Palissade" de="Palisade" jp="パリセード">Palisade</b>
  <b id="479" duration="180" fr="Frénésie écarlate" de="Leidensdelirium" jp="レッドデリリアム">Scarlet Delirium</b>
  <b id="480" duration="60" fr="Frénésie écarlate" de="Leidensdelirium" jp="レッドデリリアム">Scarlet Delirium</b>
  <b id="482" duration="180" fr="Tir leurre" de="Täuschungsschuss" jp="デコイショット">Decoy Shot</b>
  <b id="483" duration="60" fr="Hagakure" de="Hagakure" jp="葉隠">Hagakure</b>
  <b id="484" duration="60" fr="Issekigan" de="Issekigan" jp="一隻眼">Issekigan</b>
  <b id="485" duration="60" fr="Savoir irréfréné" de="Ungezähmtes Wissen" jp="ノートリアスナレッジ">Unbridled Learning</b>
  <b id="486" duration="0" fr="Bonus riposte" de="Konter-Boost" jp="カウンターアップ">Counter Boost</b>
  <b id="487" duration="0" fr="EndoSpoliation" de="Aussaugen +" jp="エンドレイン">Endrain</b>
  <b id="488" duration="0" fr="EndoAspiration" de="Osmose +" jp="エンアスピル">Enaspir</b>
  <b id="489" duration="30" fr="Répercussion" de="Nachschimmern" jp="アフターグロウ">Afterglow</b>
  <b id="490" duration="0" fr="Frappes imminentes" de="Drohende Schläge" jp="イミネントストライク">Imminent Strikes</b>
  <b id="491" duration="0" fr="Riposte parfaite" de="Vollendeter Konter" jp="コンスミトカウンター">MNK SP2</b>
  <b id="492" duration="0" fr="Manteau divin" de="Obhut" jp="女神の羽衣">Asylum</b>
  <b id="493" duration="0" fr="Sorcellerie subtile" de="Subtile Zauberei" jp="サテルソーサリー">Subtle Sorcery</b>
  <b id="494" duration="0" fr="Eloge" de="Encomium" jp="エンコミアム">Encomium</b>
  <b id="495" duration="0" fr="Embobinage" de="Hinterlist" jp="バンブーズル">THF SP2</b>
  <b id="496" duration="0" fr="Garde vertueuse" de="Rechtschaffenheit" jp="ライチャスガード">Righteous Guard</b>
  <b id="497" duration="0" fr="Vile consumation" de="Seelenfessel" jp="ソールエンスレーヴ">DRK SP2</b>
  <b id="498" duration="0" fr="BST SP2" de="BST SP2" jp="獣SP2">BST SP2</b>
  <b id="499" duration="0" fr="Malinconico" de="Malinconico" jp="マリンコニコ">Malinconico</b>
  <b id="500" duration="0" fr="Visée instinctive" de="Zielinstinkt" jp="イネイトエイム">Instinctive Aim</b>
  <b id="501" duration="0" fr="Yaegasumi" de="Yaegasumi" jp="八重霞">Yaegasumi</b>
  <b id="502" duration="0" fr="Tengan" de="Tengan" jp="天眼">Tengen</b>
  <b id="503" duration="0" fr="Wyvern exalté" de="Wyvern-Aufbrausen" jp="ラウズワイバーン">Rouse Wyvern</b>
  <b id="504" duration="0" fr="Voie astrale" de="Astraler Leiter" jp="アストラルパッセージ">Astral Conduit</b>
  <b id="505" duration="0" fr="Sagesse irréfrénée" de="Ungezähmte Weisheit" jp="N.ウィズドム">Unbridled Wisdom</b>
  <b id="506" duration="0" fr="Trois contre un" de="Dreifacher Einsatz" jp="スリートゥワン">Three To One</b>
  <b id="507" duration="0" fr="Grand pas" de="Kabinettstück" jp="グランドパー">Grand Pas</b>
  <b id="510" duration="0" fr="Energie ergonique" de="Ergonische Kraft" jp="エルゴンパワー">Ergon Might</b>
  <b id="511" duration="0" fr="Marque de Raid" de="Vorstoß-Abzeichen" jp="レイヴシンボル">Reive Mark</b>
  <b id="512" duration="0" fr="Ionis" de="Ionis" jp="イオニス">Ionis</b>
  <b id="513" duration="0" fr="Géodynamisme" de="Augmentierung" jp="ボルスター">Bolster</b>
  <b id="515" duration="0" fr="Emanation durable" de="Aura der Genügsamkeit" jp="エンデュアエマネイト">Lasting Emanation</b>
  <b id="516" duration="0" fr="Renforcement sphérique" de="Vollkommener Kreis" jp="サークルエンリッチ">Ecliptic Attrition</b>
  <b id="517" duration="0" fr="Ferveur collimatée" de="Kollimativer Rausch" jp="コリメイトファーバー">Collimated Fervor</b>
  <b id="518" duration="0" fr="Dématérialisation" de="Dematerialisation" jp="デマテリアライズ">Dematerialize</b>
  <b id="519" duration="0" fr="Focalisation thaumaturgique" de="Thaumaturgischer Fokus" jp="タウマテルギフォカス">Theurgic Focus</b>
  <b id="522" duration="0" fr="Sforzo élémentaire" de="Verzauberungs-Sforzo" jp="Ｅ.スフォルツォ">Elemental Sforzo</b>
  <b id="523" duration="0" fr="Ignis" de="Ignis" jp="イグニス">Ignis</b>
  <b id="524" duration="0" fr="Gelus" de="Gelus" jp="ゲールス">Gelus</b>
  <b id="525" duration="0" fr="Flabra" de="Flabra" jp="フラブラ">Flabra</b>
  <b id="526" duration="0" fr="Tellus" de="Tellus" jp="テッルス">Tellus</b>
  <b id="527" duration="0" fr="Sulpor" de="Sulpor" jp="スルポール">Sulpor</b>
  <b id="528" duration="0" fr="Unda" de="Unda" jp="ウンダ">Unda</b>
  <b id="529" duration="0" fr="Lux" de="Lux" jp="ルックス">Lux</b>
  <b id="530" duration="0" fr="Tenebrae" de="Tenebrae" jp="テネブレイ">Tenebrae</b>
  <b id="531" duration="0" fr="Vallation" de="Wall" jp="ヴァレション">Vallation</b>
  <b id="532" duration="120" fr="Jeu d'épée" de="Fechtkunst" jp="ソードプレイ">Swordplay</b>
  <b id="533" duration="0" fr="Pflug" de="Pflug" jp="フルーグ">Pflug</b>
  <b id="534" duration="0" fr="Affermissement" de="Ermutigung" jp="エンボルド">Embolden</b>
  <b id="535" duration="0" fr="Valeur" de="Kühnheit" jp="ヴァリエンス">Valiance</b>
  <b id="536" duration="0" fr="Gambit" de="Gambit" jp="ガンビット">Gambit</b>
  <b id="537" duration="0" fr="Liement" de="Liemont" jp="リエモン">Liement</b>
  <b id="538" duration="0" fr="Un pour tous" de="Einer für alle" jp="ワンフォアオール">One for All</b>
  <b id="539" duration="0" fr="Récup" de="Regenerieren" jp="リジェネ">Regen</b>
  <b id="540" duration="0" fr="Poison" de="Gift" jp="ポイズン">poison</b>
  <b id="541" duration="0" fr="Recharge" de="Erfrischen" jp="リフレシュ">Refresh</b>
  <b id="542" duration="0" fr="STR augmentée" de="STR-Boost" jp="STRアップ">STR Boost</b>
  <b id="543" duration="0" fr="DEX augmentée" de="DEX-Boost" jp="DEXアップ">DEX Boost</b>
  <b id="544" duration="0" fr="VIT augmentée" de="VIT-Boost" jp="VITアップ">VIT Boost</b>
  <b id="545" duration="0" fr="AGI augmentée" de="AGI-Boost" jp="AGIアップ">AGI Boost</b>
  <b id="546" duration="0" fr="INT augmentée" de="INT-Boost" jp="INTアップ">INT Boost</b>
  <b id="547" duration="0" fr="MND augmenté" de="MND-Boost" jp="MNDアップ">MND Boost</b>
  <b id="548" duration="0" fr="CHR augmenté" de="CHR-Boost" jp="CHRアップ">CHR Boost</b>
  <b id="549" duration="0" fr="Attaque augmentée" de="Attacken-Boost" jp="攻撃力アップ">Attack Boost</b>
  <b id="550" duration="0" fr="Défense augmentée" de="Verteidigungs-Boost" jp="防御力アップ">Defense Boost</b>
  <b id="551" duration="0" fr="Attq. magique augmentée" de="Magieattacken-Boost" jp="魔法攻撃力アップ">Magic Atk. Boost</b>
  <b id="552" duration="0" fr="Déf. magique augmentée" de="Magieverteidigungs-Boost" jp="魔法防御力アップ">Magic Def. Boost</b>
  <b id="553" duration="0" fr="Précision augmentée" de="Präzisions-Boost" jp="命中率アップ">Accuracy Boost</b>
  <b id="554" duration="0" fr="Esquive augmentée" de="Ausweich-Boost" jp="回避率アップ">Evasion Boost</b>
  <b id="555" duration="0" fr="Préc. magique augmentée" de="Magiepräzisions-Boost" jp="魔法命中率アップ">Magic Acc. Boost</b>
  <b id="556" duration="0" fr="Esq. magique augmentée" de="Magie-Ausweich-Boost" jp="魔法回避率アップ">Magic Evasion Boost</b>
  <b id="557" duration="0" fr="Attaque réduite" de="Attacken-Down" jp="攻撃力ダウン">Attack Down</b>
  <b id="558" duration="0" fr="Défense réduite" de="Verteidigungs-Down" jp="防御力ダウン">Defense Down</b>
  <b id="559" duration="0" fr="Attq. magique réduite" de="Magieattacken-Down" jp="魔法攻撃力ダウン">Magic Atk. Down</b>
  <b id="560" duration="0" fr="Déf. magique réduite" de="Magieverteidigungs-Down" jp="魔法防御力ダウン">Magic Def. Down</b>
  <b id="561" duration="0" fr="Précision réduite" de="Präzisions-Down" jp="命中率ダウン">Accuracy Down</b>
  <b id="562" duration="0" fr="Esquive réduite" de="Ausweich-Down" jp="回避率ダウン">Evasion Down</b>
  <b id="563" duration="0" fr="Préc. magique réduite" de="Magiepräzisions-Down" jp="魔法命中率ダウン">Magic Acc. Down</b>
  <b id="564" duration="0" fr="Esq magique réduite" de="Magie-Ausweich-Down" jp="魔法回避率ダウン">Magic Evasion Down</b>
  <b id="565" duration="0" fr="Lenteur" de="Gemach" jp="スロウ">slow</b>
  <b id="566" duration="0" fr="Paralysie" de="Paralyse" jp="麻痺">paralysis</b>
  <b id="567" duration="0" fr="Pesanteur" de="Gewicht" jp="ヘヴィ">weight</b>
  <b id="568" duration="30" fr="Esq. spéc. augmentée" de="Spezialfertigkeiten-Ausweich-Boost" jp="特殊攻撃回避率アップ">Foil</b>
  <b id="569" duration="0" fr="Emportement géomantique" de="Glanz und Gloria" jp="グローリーブレイズ">Blaze of Glory</b>
</status>