<?xml version="1.0" encoding="utf-8" ?>
<md5>
    <abils>ae25c09ca972ff532d36325742b797ef</abils>
    <areas>dfd48986a7c4ba6423eba81b808cd1cd</areas>
    <items_armor>5bf423dbe52c4ded4bb0390db1d8c61d</items_armor>
    <items_general>c512bcab4c619dd4fc1849e03aba6a76</items_general>
    <items_weapons>bddfdb6457535652630e9d7a8497cdb7</items_weapons>
    <spells>710409713b892285a750347b7db49849</spells>
    <status>beb485f494efad4c928f12e81161c789</status>
    <resources>0</resources>
</md5>
